tick,block_id,erase_count,valid_pages,invalid_pages,retention_ticks,temp_c,rber,error_bits,uncorrectable,error_bits_rolling_mean,rber_rolling_mean,error_bits_slope,rber_slope,garbage_ratio,cycles_until_failure,rul_censored
54,0,1,4,2,15,42,4.1e-05,0,0,0.0,4.1e-05,0.0,0.0,0.33333333327777775,154.0,0
113,0,3,5,1,12,40,3.7e-05,0,0,0.0,3.9e-05,0.0,-4.000000000000002e-06,0.16666666663888888,152.0,0
173,0,4,2,4,35,42,5.2e-05,0,0,0.0,4.333333333333333e-05,0.0,1.4999999999999999e-05,0.6666666665555555,151.0,0
233,0,6,3,3,10,39,4e-05,0,0,0.0,4.2999999999999995e-05,0.0,-1.1999999999999994e-05,0.49999999991666666,149.0,0
293,0,8,4,2,23,42,6.1e-05,0,0,0.0,5.1e-05,0.0,2.0999999999999995e-05,0.33333333327777775,147.0,0
353,0,9,1,5,46,38,4.8e-05,0,0,0.0,4.966666666666667e-05,0.0,-1.2999999999999998e-05,0.8333333331944445,146.0,0
413,0,11,3,3,13,43,7.5e-05,0,0,0.0,6.133333333333332e-05,0.0,2.6999999999999992e-05,0.49999999991666666,144.0,0
473,0,13,3,3,18,42,7.6e-05,0,0,0.0,6.633333333333334e-05,0.0,1.0000000000000108e-06,0.49999999991666666,142.0,0
533,0,15,3,3,13,41,7.5e-05,0,0,0.0,7.533333333333333e-05,0.0,-1.0000000000000108e-06,0.49999999991666666,140.0,0
593,0,16,3,3,45,41,8.8e-05,0,0,0.0,7.966666666666666e-05,0.0,1.3000000000000004e-05,0.49999999991666666,139.0,0
652,0,18,3,3,23,39,7.3e-05,0,0,0.0,7.866666666666666e-05,0.0,-1.4999999999999999e-05,0.49999999991666666,137.0,0
713,0,20,3,3,20,42,0.000104,0,0,0.0,8.833333333333333e-05,0.0,3.0999999999999995e-05,0.49999999991666666,135.0,0
773,0,22,0,0,2,41,9.5e-05,0,0,0.0,9.066666666666667e-05,0.0,-8.999999999999988e-06,0.0,133.0,0
833,0,23,2,0,2,40,9e-05,0,0,0.0,9.633333333333332e-05,0.0,-4.9999999999999996e-06,0.0,132.0,0
894,0,25,0,0,1,40,9.7e-05,0,0,0.0,9.400000000000001e-05,0.0,6.999999999999994e-06,0.0,130.0,0
954,0,27,2,0,10,42,0.00013,0,0,0.0,0.00010566666666666666,0.0,3.299999999999999e-05,0.0,128.0,0
1015,0,29,0,0,1,43,0.000148,0,0,0.0,0.00012499999999999998,0.0,1.8000000000000004e-05,0.0,126.0,0
1074,0,30,5,1,16,40,0.000122,0,0,0.0,0.0001333333333333333,0.0,-2.5999999999999995e-05,0.16666666663888888,125.0,0
1134,0,32,2,1,13,43,0.000172,0,0,0.0,0.00014733333333333333,0.0,5.000000000000001e-05,0.3333333332222222,123.0,0
1195,0,34,2,4,13,41,0.000152,0,0,0.0,0.00014866666666666666,0.0,-1.9999999999999998e-05,0.6666666665555555,121.0,0
1256,0,36,4,2,31,38,0.00013,0,0,0.0,0.00015133333333333332,0.0,-2.200000000000002e-05,0.33333333327777775,119.0,0
1316,0,38,2,0,9,42,0.000187,0,0,0.0,0.0001563333333333333,0.0,5.7e-05,0.0,117.0,0
1376,0,39,1,5,27,42,0.000206,0,0,0.0,0.0001743333333333333,0.0,1.9e-05,0.8333333331944445,116.0,0
1436,0,41,2,4,16,40,0.000174,0,0,0.0,0.00018899999999999996,0.0,-3.199999999999999e-05,0.6666666665555555,114.0,0
1497,0,43,1,2,25,40,0.00019,0,0,0.0,0.00018999999999999998,0.0,1.600000000000001e-05,0.6666666664444444,112.0,0
1558,0,45,5,1,15,41,0.000214,0,0,0.0,0.00019266666666666664,0.0,2.3999999999999987e-05,0.16666666663888888,110.0,0
1618,0,46,1,5,34,40,0.000214,0,0,0.0,0.000206,0.0,0.0,0.8333333331944445,109.0,0
1678,0,48,4,2,23,38,0.00018,0,0,0.0,0.00020266666666666664,0.0,-3.3999999999999986e-05,0.33333333327777775,107.0,0
1738,0,50,4,1,14,42,0.000268,0,0,0.0,0.00022066666666666665,0.0,8.8e-05,0.19999999996,105.0,0
1798,0,51,3,3,44,42,0.000308,0,0,0.0,0.000252,0.0,3.9999999999999996e-05,0.49999999991666666,104.0,0
1858,0,53,1,5,16,39,0.00022,0,0,0.0,0.0002653333333333333,0.0,-8.8e-05,0.8333333331944445,102.0,0
1919,0,54,3,3,60,41,0.000319,0,0,0.0,0.0002823333333333333,0.0,9.9e-05,0.49999999991666666,101.0,0
1979,0,56,3,0,3,39,0.000226,0,0,0.0,0.00025499999999999996,0.0,-9.300000000000001e-05,0.0,99.0,0
2039,0,58,5,0,12,43,0.00036,0,0,0.0,0.0003016666666666666,0.0,0.00013400000000000003,0.0,97.0,0
2100,0,59,2,4,26,43,0.000388,0,0,0.0,0.0003246666666666666,0.0,2.7999999999999976e-05,0.6666666665555555,96.0,0
2160,0,61,3,3,38,43,0.000425,0,0,0.0,0.000391,0.0,3.699999999999998e-05,0.49999999991666666,94.0,0
2221,0,64,2,0,9,40,0.000308,0,0,0.0,0.0003736666666666666,0.0,-0.00011699999999999997,0.0,91.0,0
2282,0,65,2,4,35,38,0.000287,0,0,0.0,0.00033999999999999997,0.0,-2.1000000000000023e-05,0.6666666665555555,90.0,0
2342,0,67,2,1,26,38,0.000291,0,0,0.0,0.00029533333333333327,0.0,4.000000000000043e-06,0.3333333332222222,88.0,0
2402,0,68,2,4,44,42,0.000464,0,0,0.0,0.00034733333333333334,0.0,0.00017299999999999998,0.6666666665555555,87.0,0
2462,0,70,2,4,36,43,0.000519,0,0,0.0,0.00042466666666666667,0.0,5.5000000000000036e-05,0.6666666665555555,85.0,0
2523,0,72,2,4,32,43,0.000534,0,0,0.0,0.0005056666666666666,0.0,1.4999999999999931e-05,0.6666666665555555,83.0,0
2584,0,74,4,2,17,40,0.000396,0,0,0.0,0.0004829999999999999,0.0,-0.000138,0.33333333327777775,81.0,0
2643,0,76,1,1,11,40,0.000403,0,0,0.0,0.00044433333333333326,0.0,7.0000000000000075e-06,0.49999999975,79.0,0
2704,0,78,2,0,8,43,0.000553,0,0,0.0,0.00045066666666666665,0.0,0.00015000000000000001,0.0,77.0,0
2764,0,80,0,0,3,41,0.000466,0,0,0.0,0.000474,0.0,-8.7e-05,0.0,75.0,0
2824,0,81,4,0,4,43,0.000578,0,0,0.0,0.0005323333333333333,0.0,0.00011199999999999996,0.0,74.0,0
2885,0,83,3,3,23,42,0.000588,0,0,0.0,0.0005439999999999999,0.0,1.0000000000000026e-05,0.49999999991666666,72.0,0
2945,0,85,3,2,22,39,0.000457,0,0,0.0,0.0005409999999999999,0.0,-0.00013099999999999999,0.39999999992,70.0,0
3005,0,87,4,2,28,38,0.000442,0,0,0.0,0.0004956666666666666,0.0,-1.4999999999999985e-05,0.33333333327777775,68.0,0
3066,0,89,4,0,18,42,0.000647,0,0,0.0,0.0005153333333333332,0.0,0.000205,0.0,66.0,0
3126,0,91,0,0,1,38,0.000429,1,0,0.3333333333333333,0.0005059999999999999,1.0,-0.00021799999999999999,0.0,64.0,0
3186,0,92,3,3,38,40,0.000608,0,0,0.3333333333333333,0.0005613333333333333,-1.0,0.00017900000000000001,0.49999999991666666,63.0,0
3246,0,93,2,4,44,43,0.000841,0,0,0.3333333333333333,0.0006259999999999999,0.0,0.00023299999999999992,0.6666666665555555,62.0,0
3307,0,95,1,4,27,42,0.000746,0,0,0.0,0.0007316666666666666,0.0,-9.499999999999992e-05,0.79999999984,60.0,0
3367,0,97,5,1,11,41,0.000661,0,0,0.0,0.0007493333333333332,0.0,-8.5e-05,0.16666666663888888,58.0,0
3427,0,99,0,0,3,41,0.000664,0,0,0.0,0.0006903333333333333,0.0,2.9999999999999645e-06,0.0,56.0,0
3488,0,100,2,4,29,38,0.00056,0,0,0.0,0.0006283333333333333,0.0,-0.00010400000000000003,0.6666666665555555,55.0,0
3548,0,102,4,1,19,38,0.000558,0,0,0.0,0.0005939999999999999,0.0,-1.99999999999994e-06,0.19999999996,53.0,0
3608,0,104,0,0,3,39,0.000597,0,0,0.0,0.0005716666666666666,0.0,3.899999999999997e-05,0.0,51.0,0
3668,0,105,4,2,26,41,0.000802,0,0,0.0,0.0006523333333333332,0.0,0.000205,0.33333333327777775,50.0,0
3728,0,106,3,3,39,43,0.001034,0,0,0.0,0.000811,0.0,0.000232,0.49999999991666666,49.0,0
3787,0,108,2,4,22,43,0.001004,0,0,0.0,0.0009466666666666665,0.0,-3.000000000000008e-05,0.6666666665555555,47.0,0
3848,0,110,2,4,32,39,0.000735,0,0,0.0,0.0009243333333333333,0.0,-0.0002689999999999999,0.6666666665555555,45.0,0
3908,0,112,4,0,4,39,0.000683,1,0,0.3333333333333333,0.0008073333333333332,1.0,-5.199999999999996e-05,0.0,43.0,0
3969,0,113,3,3,23,41,0.000902,0,0,0.3333333333333333,0.0007733333333333333,-1.0,0.000219,0.49999999991666666,42.0,0
4029,0,115,4,2,20,41,0.00092,1,0,0.6666666666666666,0.0008349999999999999,1.0,1.8000000000000004e-05,0.33333333327777775,40.0,0
4088,0,116,2,4,42,43,0.001225,0,0,0.3333333333333333,0.0010156666666666667,-1.0,0.00030499999999999993,0.6666666665555555,39.0,0
4148,0,118,2,4,21,42,0.001064,0,0,0.3333333333333333,0.0010696666666666667,0.0,-0.0001609999999999999,0.6666666665555555,37.0,0
4209,0,121,0,0,3,42,0.001039,0,0,0.0,0.0011093333333333335,0.0,-2.5000000000000066e-05,0.0,34.0,0
4269,0,122,3,3,33,40,0.000976,1,0,0.3333333333333333,0.0010263333333333333,1.0,-6.300000000000001e-05,0.49999999991666666,33.0,0
4329,0,124,1,2,15,41,0.001034,0,0,0.3333333333333333,0.0010163333333333333,-1.0,5.8e-05,0.6666666664444444,31.0,0
4390,0,125,3,3,20,38,0.000804,0,0,0.3333333333333333,0.0009379999999999999,0.0,-0.00022999999999999995,0.49999999991666666,30.0,0
4450,0,126,3,3,57,42,0.001361,0,0,0.0,0.0010663333333333332,0.0,0.000557,0.49999999991666666,29.0,0
4510,0,128,3,0,3,41,0.001046,0,0,0.0,0.001070333333333333,0.0,-0.00031499999999999996,0.0,27.0,0
4570,0,130,5,0,5,42,0.001193,0,0,0.0,0.0012,0.0,0.000147,0.0,25.0,0
4631,0,133,0,0,3,41,0.001122,0,0,0.0,0.0011203333333333332,0.0,-7.10000000000001e-05,0.0,22.0,0
4691,0,134,0,2,23,42,0.001351,0,0,0.0,0.0012219999999999998,0.0,0.00022900000000000004,0.9999999995,21.0,0
4751,0,135,2,4,35,41,0.001301,0,0,0.0,0.0012579999999999998,0.0,-4.9999999999999914e-05,0.6666666665555555,20.0,0
4812,0,138,0,0,3,43,0.001454,0,0,0.0,0.0013686666666666665,0.0,0.00015299999999999992,0.0,17.0,0
4872,0,139,2,4,22,38,0.000984,0,0,0.0,0.0012463333333333335,0.0,-0.00046999999999999993,0.6666666665555555,16.0,0
4932,0,140,1,5,53,39,0.001225,0,0,0.0,0.0012209999999999999,0.0,0.0002409999999999999,0.8333333331944445,15.0,0
4992,0,142,3,2,21,42,0.001494,0,0,0.0,0.0012343333333333332,0.0,0.00026900000000000014,0.39999999992,13.0,0
5053,0,144,2,1,25,41,0.001415,1,0,0.3333333333333333,0.0013779999999999999,1.0,-7.900000000000008e-05,0.3333333332222222,11.0,0
5113,0,146,0,0,1,42,0.001457,0,0,0.3333333333333333,0.001455333333333333,-1.0,4.199999999999994e-05,0.0,9.0,0
5173,0,147,3,2,28,39,0.001229,0,0,0.3333333333333333,0.001367,0.0,-0.0002279999999999999,0.39999999992,8.0,0
5233,0,149,4,2,20,39,0.001224,0,0,0.0,0.0013033333333333332,0.0,-5.000000000000013e-06,0.33333333327777775,6.0,0
5293,0,150,3,3,20,40,0.001364,0,0,0.0,0.001272333333333333,0.0,0.00013999999999999993,0.49999999991666666,5.0,0
5353,0,152,2,0,16,40,0.001378,0,0,0.0,0.0013219999999999996,0.0,1.4000000000000123e-05,0.0,3.0,0
5413,0,153,2,4,34,43,0.001984,0,0,0.0,0.001575333333333333,0.0,0.000606,0.6666666665555555,2.0,0
5473,0,155,3,3,22,41,0.001609,2,1,0.6666666666666666,0.0016569999999999998,2.0,-0.0003750000000000001,0.49999999991666666,0.0,0
5533,0,157,4,2,16,43,0.001951,0,0,0.6666666666666666,0.0018479999999999998,-2.0,0.0003420000000000001,0.33333333327777775,,1
5593,0,159,0,2,22,42,0.001858,0,0,0.6666666666666666,0.0018059999999999997,0.0,-9.299999999999998e-05,0.9999999995,,1
5654,0,160,3,3,38,39,0.001498,0,0,0.0,0.0017689999999999997,0.0,-0.0003600000000000001,0.49999999991666666,,1
5714,0,162,4,2,10,42,0.00184,1,0,0.3333333333333333,0.001732,1.0,0.0003420000000000001,0.33333333327777775,,1
5774,0,163,2,4,36,43,0.002256,0,0,0.3333333333333333,0.0018646666666666666,-1.0,0.00041600000000000014,0.6666666665555555,,1
5835,0,166,2,1,14,39,0.001472,0,0,0.3333333333333333,0.001856,0.0,-0.0007840000000000002,0.3333333332222222,,1
5896,0,168,2,0,8,40,0.001619,0,0,0.0,0.0017823333333333335,0.0,0.000147,0.0,,1
5957,0,169,5,1,11,41,0.001823,0,0,0.0,0.001638,0.0,0.00020399999999999997,0.16666666663888888,,1
6016,0,171,3,1,4,43,0.002196,0,0,0.0,0.0018793333333333333,0.0,0.00037300000000000007,0.2499999999375,,1
6076,0,173,3,3,22,40,0.001808,1,0,0.3333333333333333,0.0019423333333333332,1.0,-0.0003880000000000001,0.49999999991666666,,1
6137,0,175,1,5,27,43,0.002507,1,0,0.6666666666666666,0.0021703333333333336,0.0,0.0006990000000000002,0.8333333331944445,,1
6198,0,177,0,3,18,43,0.002479,1,0,1.0,0.0022646666666666666,0.0,-2.8000000000000247e-05,0.9999999996666666,,1
6258,0,179,0,2,13,42,0.00226,1,0,1.0,0.0024153333333333336,0.0,-0.000219,0.9999999995,,1
6319,0,180,3,3,20,39,0.001763,1,0,1.0,0.002167333333333333,0.0,-0.0004969999999999998,0.49999999991666666,,1
6380,0,182,2,4,23,38,0.001656,0,0,0.6666666666666666,0.001893,-1.0,-0.00010700000000000011,0.6666666665555555,,1
6439,0,184,4,2,22,42,0.002469,1,0,0.6666666666666666,0.0019626666666666664,1.0,0.0008129999999999999,0.33333333327777775,,1
6498,0,186,2,0,12,39,0.001824,0,0,0.3333333333333333,0.001983,-1.0,-0.0006449999999999997,0.0,,1
6558,0,187,4,2,41,40,0.002256,0,0,0.3333333333333333,0.0021829999999999996,0.0,0.0004320000000000001,0.33333333327777775,,1
6618,0,189,2,0,17,40,0.002111,0,0,0.0,0.0020636666666666668,0.0,-0.00014500000000000016,0.0,,1
6679,0,191,2,1,13,38,0.001755,0,0,0.0,0.0020406666666666668,0.0,-0.000356,0.3333333332222222,,1
6738,0,193,0,0,5,38,0.001736,1,0,0.3333333333333333,0.001867333333333333,1.0,-1.9000000000000137e-05,0.0,,1
6798,0,194,2,0,2,41,0.002308,1,0,0.6666666666666666,0.0019329999999999998,0.0,0.0005720000000000002,0.0,,1
6858,0,195,3,3,39,43,0.003241,1,0,1.0,0.002428333333333333,0.0,0.0009329999999999998,0.49999999991666666,,1
6918,0,197,4,1,20,43,0.003086,1,0,1.0,0.0028783333333333334,0.0,-0.00015499999999999976,0.19999999996,,1
6978,0,198,2,4,46,43,0.003424,0,0,0.6666666666666666,0.003250333333333333,-1.0,0.00033799999999999976,0.6666666665555555,,1
7039,0,200,3,3,24,41,0.002668,0,0,0.3333333333333333,0.0030593333333333327,0.0,-0.0007560000000000002,0.49999999991666666,,1
7099,0,201,3,3,38,40,0.002577,0,0,0.0,0.0028896666666666667,0.0,-9.099999999999994e-05,0.49999999991666666,,1
7159,0,203,6,0,18,42,0.002957,1,0,0.3333333333333333,0.002734,1.0,0.00038000000000000013,0.0,,1
7218,0,205,0,0,5,42,0.002868,0,0,0.3333333333333333,0.002800666666666666,-1.0,-8.90000000000001e-05,0.0,,1
54,1,1,6,0,22,38,2.9e-05,0,0,0.0,2.9e-05,0.0,0.0,0.0,138.0,0
113,1,3,1,0,5,41,4e-05,0,0,0.0,3.45e-05,0.0,1.1000000000000003e-05,0.0,136.0,0
173,1,4,2,4,24,43,5.5e-05,0,0,0.0,4.133333333333333e-05,0.0,1.4999999999999999e-05,0.6666666665555555,135.0,0
233,1,6,4,2,23,42,5.5e-05,0,0,0.0,5e-05,0.0,0.0,0.33333333327777775,133.0,0
293,1,8,1,0,5,40,4.7e-05,0,0,0.0,5.233333333333334e-05,0.0,-8.000000000000005e-06,0.0,131.0,0
353,1,9,2,4,26,40,5.4e-05,0,0,0.0,5.2e-05,0.0,7.000000000000001e-06,0.6666666665555555,130.0,0
413,1,11,5,1,19,40,5.8e-05,0,0,0.0,5.2999999999999994e-05,0.0,4.000000000000002e-06,0.16666666663888888,128.0,0
473,1,13,4,0,6,39,5.5e-05,0,0,0.0,5.566666666666667e-05,0.0,-2.9999999999999984e-06,0.0,126.0,0
533,1,15,3,0,7,43,8.8e-05,0,0,0.0,6.7e-05,0.0,3.2999999999999996e-05,0.0,124.0,0
593,1,16,2,4,40,41,8.6e-05,0,0,0.0,7.633333333333332e-05,0.0,-1.9999999999999944e-06,0.6666666665555555,123.0,0
652,1,18,0,0,4,39,6.8e-05,0,0,0.0,8.066666666666666e-05,0.0,-1.8000000000000004e-05,0.0,121.0,0
713,1,20,0,0,3,40,8e-05,0,0,0.0,7.8e-05,0.0,1.2000000000000007e-05,0.0,119.0,0
773,1,21,2,2,27,39,8.3e-05,0,0,0.0,7.699999999999999e-05,0.0,2.9999999999999916e-06,0.499999999875,118.0,0
833,1,23,1,1,20,41,0.000106,0,0,0.0,8.966666666666666e-05,0.0,2.3000000000000003e-05,0.49999999975,116.0,0
894,1,24,2,4,40,39,9.8e-05,0,0,0.0,9.566666666666666e-05,0.0,-8.000000000000005e-06,0.6666666665555555,115.0,0
954,1,26,2,4,33,40,0.000113,0,0,0.0,0.00010566666666666667,0.0,1.4999999999999999e-05,0.6666666665555555,113.0,0
1015,1,28,2,4,37,38,0.000102,0,0,0.0,0.00010433333333333333,0.0,-1.0999999999999996e-05,0.6666666665555555,111.0,0
1074,1,30,1,0,4,43,0.000155,1,0,0.3333333333333333,0.00012333333333333334,1.0,5.3e-05,0.0,109.0,0
1134,1,31,2,4,34,39,0.000123,0,0,0.3333333333333333,0.00012666666666666666,-1.0,-3.199999999999999e-05,0.6666666665555555,108.0,0
1195,1,34,3,0,8,39,0.000123,0,0,0.3333333333333333,0.00013366666666666667,0.0,0.0,0.0,105.0,0
1256,1,36,1,1,7,43,0.000192,0,0,0.0,0.000146,0.0,6.9e-05,0.49999999975,103.0,0
1316,1,37,3,3,33,39,0.000149,1,0,0.3333333333333333,0.00015466666666666667,1.0,-4.3000000000000015e-05,0.49999999991666666,102.0,0
1376,1,39,1,1,15,43,0.000217,0,0,0.3333333333333333,0.000186,-1.0,6.8e-05,0.49999999975,100.0,0
1436,1,41,1,0,4,41,0.000182,0,0,0.3333333333333333,0.00018266666666666667,0.0,-3.499999999999998e-05,0.0,98.0,0
1497,1,42,1,5,49,38,0.000166,0,0,0.0,0.00018833333333333332,0.0,-1.600000000000001e-05,0.8333333331944445,97.0,0
1558,1,45,0,0,4,39,0.000169,0,0,0.0,0.00017233333333333334,0.0,2.9999999999999916e-06,0.0,94.0,0
1618,1,46,4,2,27,42,0.000253,1,0,0.3333333333333333,0.000196,1.0,8.400000000000004e-05,0.33333333327777775,93.0,0
1678,1,48,4,1,10,40,0.000207,0,0,0.3333333333333333,0.00020966666666666668,-1.0,-4.6000000000000034e-05,0.19999999996,91.0,0
1738,1,50,0,0,3,42,0.000257,0,0,0.3333333333333333,0.00023899999999999998,0.0,5.000000000000002e-05,0.0,89.0,0
1798,1,51,3,3,22,42,0.000284,0,0,0.0,0.00024933333333333334,0.0,2.7000000000000006e-05,0.49999999991666666,88.0,0
1858,1,53,1,0,4,40,0.000231,0,0,0.0,0.0002573333333333333,0.0,-5.3000000000000014e-05,0.0,86.0,0
1919,1,55,0,0,1,42,0.000291,0,0,0.0,0.0002686666666666667,0.0,6.000000000000002e-05,0.0,84.0,0
1979,1,56,4,2,14,43,0.000345,0,0,0.0,0.00028900000000000003,0.0,5.399999999999996e-05,0.33333333327777775,83.0,0
2039,1,58,0,0,2,43,0.000346,0,0,0.0,0.00032733333333333334,0.0,1.0000000000000243e-06,0.0,81.0,0
2100,1,60,2,0,7,39,0.000253,0,0,0.0,0.00031466666666666665,0.0,-9.299999999999998e-05,0.0,79.0,0
2160,1,61,3,3,20,41,0.000329,0,0,0.0,0.00030933333333333334,0.0,7.599999999999995e-05,0.49999999991666666,78.0,0
2221,1,63,4,0,4,38,0.000244,0,0,0.0,0.0002753333333333333,0.0,-8.499999999999998e-05,0.0,76.0,0
2282,1,65,5,1,14,41,0.000353,0,0,0.0,0.00030866666666666667,0.0,0.00010900000000000002,0.16666666663888888,74.0,0
2342,1,66,2,4,21,41,0.000371,0,0,0.0,0.0003226666666666667,0.0,1.8000000000000004e-05,0.6666666665555555,73.0,0
2402,1,68,2,4,27,39,0.000328,0,0,0.0,0.00035066666666666666,0.0,-4.3000000000000015e-05,0.6666666665555555,71.0,0
2462,1,70,3,3,25,42,0.000453,0,0,0.0,0.000384,0.0,0.000125,0.49999999991666666,69.0,0
2523,1,72,4,1,14,40,0.000375,0,0,0.0,0.0003853333333333333,0.0,-7.8e-05,0.19999999996,67.0,0
2584,1,74,3,0,6,38,0.000314,0,0,0.0,0.0003806666666666667,0.0,-6.100000000000002e-05,0.0,65.0,0
2643,1,75,2,4,36,38,0.000358,0,0,0.0,0.00034899999999999997,0.0,4.3999999999999985e-05,0.6666666665555555,64.0,0
2704,1,77,2,4,20,40,0.000426,0,0,0.0,0.000366,0.0,6.800000000000003e-05,0.6666666665555555,62.0,0
2764,1,79,3,2,14,43,0.000577,0,0,0.0,0.00045366666666666667,0.0,0.00015100000000000004,0.39999999992,60.0,0
2824,1,81,2,4,20,38,0.000382,1,0,0.3333333333333333,0.00046166666666666665,1.0,-0.00019500000000000002,0.6666666665555555,58.0,0
2885,1,83,1,2,18,43,0.000635,0,0,0.3333333333333333,0.0005313333333333334,-1.0,0.000253,0.6666666664444444,56.0,0
2945,1,85,0,0,3,42,0.000566,1,0,0.6666666666666666,0.0005276666666666667,1.0,-6.900000000000005e-05,0.0,54.0,0
3005,1,87,6,0,9,39,0.000452,0,0,0.3333333333333333,0.0005510000000000001,-1.0,-0.000114,0.0,52.0,0
3066,1,88,3,3,30,40,0.000548,0,0,0.3333333333333333,0.000522,0.0,9.6e-05,0.49999999991666666,51.0,0
3126,1,90,2,4,30,43,0.000758,0,0,0.0,0.000586,0.0,0.00021,0.6666666665555555,49.0,0
3186,1,92,2,0,8,39,0.000494,0,0,0.0,0.0006,0.0,-0.000264,0.0,47.0,0
3246,1,94,1,1,18,42,0.000709,1,0,0.3333333333333333,0.0006536666666666667,1.0,0.00021500000000000002,0.49999999975,45.0,0
3307,1,95,3,3,37,39,0.000581,0,0,0.3333333333333333,0.0005946666666666666,-1.0,-0.00012799999999999997,0.49999999991666666,44.0,0
3367,1,97,0,0,5,42,0.000711,0,0,0.3333333333333333,0.0006670000000000001,0.0,0.00013000000000000002,0.0,42.0,0
3427,1,98,2,4,33,43,0.000884,0,0,0.0,0.0007253333333333334,0.0,0.00017299999999999998,0.6666666665555555,41.0,0
3488,1,100,3,3,24,43,0.000885,1,0,0.3333333333333333,0.0008266666666666666,1.0,1.0000000000000243e-06,0.49999999991666666,39.0,0
3548,1,102,0,0,2,40,0.000633,0,0,0.3333333333333333,0.0008006666666666666,-1.0,-0.00025200000000000005,0.0,37.0,0
3608,1,103,3,3,26,38,0.000583,0,0,0.3333333333333333,0.0007003333333333333,0.0,-5.000000000000002e-05,0.49999999991666666,36.0,0
3668,1,105,0,0,3,41,0.000735,0,0,0.0,0.0006503333333333334,0.0,0.000152,0.0,34.0,0
3728,1,107,3,0,8,40,0.000704,0,0,0.0,0.000674,0.0,-3.0999999999999995e-05,0.0,32.0,0
3787,1,108,5,1,28,42,0.000933,0,0,0.0,0.0007906666666666666,0.0,0.00022900000000000004,0.16666666663888888,31.0,0
3848,1,110,5,1,14,40,0.000756,0,0,0.0,0.0007976666666666667,0.0,-0.00017699999999999997,0.16666666663888888,29.0,0
3908,1,112,1,0,10,42,0.00093,0,0,0.0,0.0008730000000000001,0.0,0.000174,0.0,27.0,0
3969,1,113,3,3,18,39,0.000732,1,0,0.3333333333333333,0.000806,1.0,-0.00019800000000000004,0.49999999991666666,26.0,0
4029,1,115,3,1,14,39,0.000744,0,0,0.3333333333333333,0.0008020000000000001,-1.0,1.1999999999999966e-05,0.2499999999375,24.0,0
4088,1,117,1,0,4,39,0.000738,0,0,0.3333333333333333,0.000738,0.0,-5.999999999999929e-06,0.0,22.0,0
4148,1,118,3,3,34,43,0.001228,0,0,0.0,0.0009033333333333334,0.0,0.0004899999999999999,0.49999999991666666,21.0,0
4209,1,120,3,2,29,38,0.000772,0,0,0.0,0.0009126666666666667,0.0,-0.0004559999999999999,0.39999999992,19.0,0
4269,1,122,2,0,9,38,0.000737,1,0,0.3333333333333333,0.0009123333333333332,1.0,-3.499999999999998e-05,0.0,17.0,0
4329,1,123,3,3,41,43,0.001356,0,0,0.3333333333333333,0.000955,-1.0,0.000619,0.49999999991666666,16.0,0
4390,1,125,2,0,2,40,0.000907,0,0,0.3333333333333333,0.001,0.0,-0.00044899999999999996,0.0,14.0,0
4450,1,127,1,0,4,39,0.000855,0,0,0.0,0.0010393333333333333,0.0,-5.200000000000007e-05,0.0,12.0,0
4510,1,128,1,5,35,40,0.001073,0,0,0.0,0.000945,0.0,0.00021799999999999999,0.8333333331944445,11.0,0
4570,1,130,3,3,17,42,0.00125,1,0,0.3333333333333333,0.0010593333333333334,1.0,0.00017700000000000007,0.49999999991666666,9.0,0
4631,1,132,5,1,9,41,0.001133,0,0,0.3333333333333333,0.001152,-1.0,-0.00011700000000000013,0.16666666663888888,7.0,0
4691,1,133,2,4,29,38,0.000931,0,0,0.3333333333333333,0.0011046666666666666,0.0,-0.00020199999999999992,0.6666666665555555,6.0,0
4751,1,135,2,4,22,43,0.001502,0,0,0.0,0.0011886666666666666,0.0,0.0005710000000000001,0.6666666665555555,4.0,0
4812,1,137,5,1,19,42,0.001387,0,0,0.0,0.0012733333333333331,0.0,-0.00011500000000000008,0.16666666663888888,2.0,0
4872,1,139,2,0,11,39,0.001038,2,1,0.6666666666666666,0.001309,2.0,-0.0003489999999999999,0.0,0.0,0
4932,1,140,1,5,22,38,0.000998,1,0,1.0,0.0011409999999999999,-1.0,-4.0000000000000105e-05,0.8333333331944445,,1
4992,1,141,2,4,46,38,0.001102,1,0,1.3333333333333333,0.0010459999999999998,0.0,0.00010399999999999993,0.6666666665555555,,1
5053,1,144,0,0,1,39,0.001067,0,0,0.6666666666666666,0.0010556666666666666,-1.0,-3.4999999999999875e-05,0.0,,1
5113,1,145,1,3,30,41,0.00146,0,0,0.3333333333333333,0.0012096666666666666,0.0,0.0003929999999999999,0.7499999998125,,1
5173,1,147,0,0,4,43,0.001643,0,0,0.0,0.00139,0.0,0.000183,0.0,,1
5233,1,149,2,0,9,39,0.001174,0,0,0.0,0.0014256666666666664,0.0,-0.000469,0.0,,1
5293,1,150,2,0,2,38,0.001052,0,0,0.0,0.0012896666666666666,0.0,-0.00012199999999999993,0.0,,1
5353,1,151,1,5,32,43,0.001922,0,0,0.0,0.0013826666666666666,0.0,0.0008700000000000001,0.8333333331944445,,1
5413,1,153,1,5,28,40,0.001459,1,0,0.3333333333333333,0.0014776666666666664,1.0,-0.0004630000000000001,0.8333333331944445,,1
5473,1,155,4,2,16,41,0.001573,0,0,0.3333333333333333,0.0016513333333333334,-1.0,0.00011399999999999995,0.33333333327777775,,1
5533,1,157,0,0,4,38,0.001156,0,0,0.3333333333333333,0.0013959999999999999,0.0,-0.00041700000000000005,0.0,,1
5593,1,158,2,4,34,38,0.00131,2,1,0.6666666666666666,0.001346333333333333,2.0,0.00015400000000000006,0.6666666665555555,,1
5654,1,160,4,2,26,38,0.001304,0,0,0.6666666666666666,0.0012566666666666666,-2.0,-5.999999999999929e-06,0.33333333327777775,,1
5714,1,162,3,3,22,42,0.001926,0,0,0.6666666666666666,0.0015133333333333333,0.0,0.0006219999999999999,0.49999999991666666,,1
5774,1,164,1,1,24,38,0.001357,0,0,0.0,0.001529,0.0,-0.0005690000000000001,0.49999999975,,1
5835,1,165,5,1,9,38,0.001297,0,0,0.0,0.0015266666666666666,0.0,-5.999999999999994e-05,0.16666666663888888,,1
5896,1,167,2,4,25,40,0.001707,0,0,0.0,0.0014536666666666667,0.0,0.00041,0.6666666665555555,,1
5957,1,170,3,0,6,41,0.001808,0,0,0.0,0.0016039999999999997,0.0,0.00010099999999999996,0.0,,1
6016,1,171,2,4,22,41,0.001944,0,0,0.0,0.0018196666666666665,0.0,0.00013600000000000005,0.6666666665555555,,1
6076,1,173,4,0,4,43,0.002246,0,0,0.0,0.0019993333333333334,0.0,0.0003020000000000002,0.0,,1
6137,1,175,4,0,4,41,0.001898,0,0,0.0,0.002029333333333333,0.0,-0.0003480000000000002,0.0,,1
6198,1,176,3,3,48,39,0.001866,0,0,0.0,0.0020033333333333335,0.0,-3.199999999999991e-05,0.49999999991666666,,1
6258,1,178,6,0,8,42,0.002193,1,0,0.3333333333333333,0.001985666666666667,1.0,0.00032700000000000003,0.0,,1
6319,1,181,0,0,3,43,0.002444,2,1,1.0,0.0021676666666666667,1.0,0.0002509999999999999,0.0,,1
6380,1,182,2,4,35,43,0.002787,2,1,1.6666666666666667,0.0024746666666666667,0.0,0.000343,0.6666666665555555,,1
6439,1,184,1,1,9,41,0.002136,0,0,1.3333333333333333,0.0024556666666666663,-2.0,-0.0006510000000000001,0.49999999975,,1
6498,1,185,1,5,32,41,0.002353,0,0,0.6666666666666666,0.0024253333333333336,0.0,0.00021700000000000018,0.8333333331944445,,1
6558,1,187,4,2,10,40,0.002012,1,0,0.3333333333333333,0.002167,1.0,-0.00034100000000000016,0.33333333327777775,,1
6618,1,188,2,4,46,42,0.002808,1,0,0.6666666666666666,0.0023910000000000003,0.0,0.0007960000000000003,0.6666666665555555,,1
6679,1,190,2,4,32,40,0.002255,0,0,0.6666666666666666,0.0023583333333333334,-1.0,-0.0005530000000000001,0.6666666665555555,,1
6738,1,192,5,1,36,38,0.00193,1,0,0.6666666666666666,0.002331,1.0,-0.000325,0.16666666663888888,,1
6798,1,194,3,0,8,39,0.001953,0,0,0.3333333333333333,0.0020459999999999996,-1.0,2.3000000000000017e-05,0.0,,1
6858,1,195,2,4,29,43,0.003126,3,1,1.3333333333333333,0.002336333333333333,3.0,0.0011729999999999998,0.6666666665555555,,1
6918,1,197,0,0,3,41,0.002389,0,0,1.0,0.0024893333333333334,-3.0,-0.0007369999999999998,0.0,,1
6978,1,198,3,3,29,40,0.002421,0,0,1.0,0.0026453333333333333,0.0,3.199999999999991e-05,0.49999999991666666,,1
7039,1,200,4,0,13,39,0.002115,1,0,0.3333333333333333,0.0023083333333333332,1.0,-0.00030599999999999985,0.0,,1
7099,1,202,2,0,8,43,0.003099,0,0,0.3333333333333333,0.002545,-1.0,0.000984,0.0,,1
7159,1,202,1,5,68,43,0.003837,1,0,0.6666666666666666,0.003017,1.0,0.0007379999999999999,0.8333333331944445,,1
7218,1,204,2,4,17,43,0.003272,1,0,0.6666666666666666,0.0034026666666666667,0.0,-0.000565,0.6666666665555555,,1
54,2,1,1,0,1,39,2.9e-05,0,0,0.0,2.9e-05,0.0,0.0,0.0,115.0,0
113,2,2,2,4,30,43,5e-05,0,0,0.0,3.95e-05,0.0,2.1000000000000002e-05,0.6666666665555555,114.0,0
173,2,4,5,1,11,39,3.6e-05,0,0,0.0,3.8333333333333334e-05,0.0,-1.4000000000000001e-05,0.16666666663888888,112.0,0
233,2,6,1,0,4,41,4.7e-05,0,0,0.0,4.433333333333334e-05,0.0,1.0999999999999996e-05,0.0,110.0,0
293,2,7,2,4,17,42,5.7e-05,0,0,0.0,4.666666666666667e-05,0.0,1.0000000000000006e-05,0.6666666665555555,109.0,0
353,2,9,4,2,21,40,5.3e-05,0,0,0.0,5.233333333333333e-05,0.0,-4.000000000000002e-06,0.33333333327777775,107.0,0
413,2,11,2,0,7,41,6.1e-05,0,0,0.0,5.6999999999999996e-05,0.0,7.999999999999998e-06,0.0,105.0,0
473,2,13,0,0,1,40,5.9e-05,0,0,0.0,5.766666666666666e-05,0.0,-2.000000000000001e-06,0.0,103.0,0
533,2,14,3,3,19,39,6e-05,0,0,0.0,6e-05,0.0,1.000000000000004e-06,0.49999999991666666,102.0,0
593,2,16,3,1,22,42,8.9e-05,0,0,0.0,6.933333333333334e-05,0.0,2.8999999999999993e-05,0.2499999999375,100.0,0
652,2,17,3,3,16,40,7.5e-05,0,0,0.0,7.466666666666666e-05,0.0,-1.4000000000000001e-05,0.49999999991666666,99.0,0
713,2,18,1,5,48,38,7.2e-05,0,0,0.0,7.866666666666666e-05,0.0,-2.9999999999999916e-06,0.8333333331944445,98.0,0
773,2,20,3,3,20,41,9.4e-05,0,0,0.0,8.033333333333334e-05,0.0,2.1999999999999993e-05,0.49999999991666666,96.0,0
833,2,22,5,1,8,42,0.000107,0,0,0.0,9.1e-05,0.0,1.3000000000000004e-05,0.16666666663888888,94.0,0
894,2,24,3,3,23,40,0.000101,0,0,0.0,0.00010066666666666667,0.0,-5.999999999999997e-06,0.49999999991666666,92.0,0
954,2,26,3,1,4,42,0.000123,0,0,0.0,0.00011033333333333334,0.0,2.2000000000000006e-05,0.2499999999375,90.0,0
1015,2,28,3,3,24,38,9.7e-05,0,0,0.0,0.000107,0.0,-2.600000000000001e-05,0.49999999991666666,88.0,0
1074,2,29,1,5,36,42,0.000154,0,0,0.0,0.00012466666666666667,0.0,5.7e-05,0.8333333331944445,87.0,0
1134,2,31,2,4,20,39,0.000117,0,0,0.0,0.00012266666666666668,0.0,-3.7000000000000005e-05,0.6666666665555555,85.0,0
1195,2,33,3,3,19,38,0.000113,0,0,0.0,0.00012800000000000002,0.0,-4.000000000000002e-06,0.49999999991666666,83.0,0
1256,2,35,5,1,13,39,0.00013,0,0,0.0,0.00011999999999999999,0.0,1.6999999999999993e-05,0.16666666663888888,81.0,0
1316,2,37,2,1,3,38,0.000121,0,0,0.0,0.00012133333333333333,0.0,-8.999999999999988e-06,0.3333333332222222,79.0,0
1376,2,38,2,4,21,43,0.000215,0,0,0.0,0.00015533333333333333,0.0,9.4e-05,0.6666666665555555,78.0,0
1436,2,40,3,3,28,42,0.000213,0,0,0.0,0.000183,0.0,-1.9999999999999944e-06,0.49999999991666666,76.0,0
1497,2,42,2,3,15,43,0.000237,0,0,0.0,0.00022166666666666667,0.0,2.3999999999999987e-05,0.59999999988,74.0,0
1558,2,44,3,3,26,38,0.000163,0,0,0.0,0.00020433333333333336,0.0,-7.399999999999998e-05,0.49999999991666666,72.0,0
1618,2,46,2,0,9,43,0.00026,0,0,0.0,0.00022,0.0,9.699999999999997e-05,0.0,70.0,0
1678,2,48,0,0,4,42,0.000245,0,0,0.0,0.00022266666666666667,0.0,-1.4999999999999985e-05,0.0,68.0,0
1738,2,49,4,2,20,42,0.000267,0,0,0.0,0.0002573333333333333,0.0,2.1999999999999993e-05,0.33333333327777775,67.0,0
1798,2,51,0,0,4,42,0.000265,0,0,0.0,0.00025899999999999995,0.0,-1.9999999999999944e-06,0.0,65.0,0
1858,2,52,5,1,29,41,0.000272,0,0,0.0,0.000268,0.0,7.0000000000000075e-06,0.16666666663888888,64.0,0
1919,2,53,3,3,13,38,0.000198,0,0,0.0,0.000245,0.0,-7.400000000000001e-05,0.49999999991666666,63.0,0
1979,2,56,2,0,8,39,0.00023,0,0,0.0,0.00023333333333333333,0.0,3.200000000000002e-05,0.0,60.0,0
2039,2,57,2,4,31,38,0.000234,0,0,0.0,0.00022066666666666667,0.0,3.999999999999989e-06,0.6666666665555555,59.0,0
2100,2,59,4,2,20,40,0.000285,0,0,0.0,0.00024966666666666665,0.0,5.099999999999999e-05,0.33333333327777775,57.0,0
2160,2,61,5,0,8,40,0.000286,0,0,0.0,0.0002683333333333333,0.0,1.0000000000000243e-06,0.0,55.0,0
2221,2,63,5,1,14,41,0.000337,0,0,0.0,0.00030266666666666663,0.0,5.099999999999999e-05,0.16666666663888888,53.0,0
2282,2,65,2,0,8,38,0.000259,0,0,0.0,0.000294,0.0,-7.8e-05,0.0,51.0,0
2342,2,66,1,5,44,40,0.000367,0,0,0.0,0.000321,0.0,0.00010799999999999997,0.8333333331944445,50.0,0
2402,2,68,4,1,9,40,0.000337,1,0,0.3333333333333333,0.00032100000000000005,1.0,-2.999999999999997e-05,0.19999999996,48.0,0
2462,2,69,2,4,41,40,0.000388,0,0,0.3333333333333333,0.00036399999999999996,-1.0,5.099999999999999e-05,0.6666666665555555,47.0,0
2523,2,71,1,5,26,40,0.000384,0,0,0.3333333333333333,0.00036966666666666664,0.0,-3.999999999999989e-06,0.8333333331944445,45.0,0
2584,2,74,0,0,1,42,0.00045,0,0,0.0,0.00040733333333333333,0.0,6.599999999999998e-05,0.0,42.0,0
2643,2,75,5,0,5,38,0.000319,0,0,0.0,0.0003843333333333333,0.0,-0.00013099999999999999,0.0,41.0,0
2704,2,77,4,2,14,43,0.000554,0,0,0.0,0.000441,0.0,0.00023500000000000002,0.33333333327777775,39.0,0
2764,2,78,1,5,45,42,0.000576,0,0,0.0,0.000483,0.0,2.1999999999999993e-05,0.8333333331944445,38.0,0
2824,2,81,3,0,9,38,0.000366,0,0,0.0,0.0004986666666666667,0.0,-0.00021,0.0,35.0,0
2885,2,83,0,0,1,40,0.000446,0,0,0.0,0.0004626666666666666,0.0,7.999999999999999e-05,0.0,33.0,0
2945,2,84,1,5,39,38,0.000434,1,0,0.3333333333333333,0.0004153333333333333,1.0,-1.200000000000002e-05,0.8333333331944445,32.0,0
3005,2,87,0,0,3,38,0.000402,0,0,0.3333333333333333,0.00042733333333333333,-1.0,-3.1999999999999965e-05,0.0,29.0,0
3066,2,89,0,0,1,43,0.000666,0,0,0.3333333333333333,0.0005006666666666667,0.0,0.000264,0.0,27.0,0
3126,2,90,2,2,12,40,0.000532,0,0,0.0,0.0005333333333333335,0.0,-0.000134,0.499999999875,26.0,0
3186,2,91,1,5,26,42,0.000691,0,0,0.0,0.0006296666666666667,0.0,0.00015899999999999996,0.8333333331944445,25.0,0
3246,2,93,2,4,29,40,0.000599,0,0,0.0,0.0006073333333333333,0.0,-9.199999999999996e-05,0.6666666665555555,23.0,0
3307,2,95,0,3,32,38,0.000519,0,0,0.0,0.0006029999999999999,0.0,-7.999999999999999e-05,0.9999999996666666,21.0,0
3367,2,96,2,4,34,39,0.000585,1,0,0.3333333333333333,0.0005676666666666667,1.0,6.599999999999998e-05,0.6666666665555555,20.0,0
3427,2,98,3,3,27,42,0.000786,0,0,0.3333333333333333,0.00063,-1.0,0.000201,0.49999999991666666,18.0,0
3488,2,100,2,0,8,39,0.000569,0,0,0.3333333333333333,0.0006466666666666667,0.0,-0.00021700000000000007,0.0,16.0,0
3548,2,101,3,3,24,43,0.000901,0,0,0.0,0.000752,0.0,0.00033200000000000005,0.49999999991666666,15.0,0
3608,2,103,3,2,21,40,0.000692,0,0,0.0,0.0007206666666666667,0.0,-0.00020899999999999998,0.39999999992,13.0,0
3668,2,104,1,5,32,43,0.000976,0,0,0.0,0.0008563333333333334,0.0,0.00028399999999999996,0.8333333331944445,12.0,0
3728,2,107,0,0,1,42,0.000828,0,0,0.0,0.000832,0.0,-0.00014800000000000002,0.0,9.0,0
3787,2,108,0,0,5,42,0.000855,0,0,0.0,0.0008863333333333333,0.0,2.7000000000000006e-05,0.0,8.0,0
3848,2,110,1,1,20,40,0.000773,0,0,0.0,0.0008186666666666667,0.0,-8.199999999999993e-05,0.49999999975,6.0,0
3908,2,111,5,1,16,43,0.00103,0,0,0.0,0.000886,0.0,0.00025700000000000007,0.16666666663888888,5.0,0
3969,2,113,1,2,13,43,0.001051,1,0,0.3333333333333333,0.0009513333333333334,1.0,2.099999999999997e-05,0.6666666664444444,3.0,0
4029,2,114,2,4,32,42,0.001042,1,0,0.6666666666666666,0.001041,0.0,-9.00000000000011e-06,0.6666666665555555,2.0,0
4088,2,116,1,5,25,38,0.000715,2,1,1.3333333333333333,0.0009360000000000001,1.0,-0.0003269999999999999,0.8333333331944445,0.0,0
4148,2,118,2,0,10,42,0.001021,0,0,1.0,0.0009260000000000001,-2.0,0.00030599999999999996,0.0,,1
4209,2,119,1,5,44,42,0.001174,0,0,0.6666666666666666,0.00097,0.0,0.00015299999999999992,0.8333333331944445,,1
4269,2,121,3,3,22,39,0.00084,1,0,0.3333333333333333,0.0010116666666666668,1.0,-0.0003339999999999999,0.49999999991666666,,1
4329,2,123,3,0,3,40,0.000884,0,0,0.3333333333333333,0.000966,-1.0,4.3999999999999985e-05,0.0,,1
4390,2,125,0,3,14,39,0.000864,0,0,0.3333333333333333,0.0008626666666666666,0.0,-2.0000000000000052e-05,0.9999999996666666,,1
4450,2,126,2,4,34,40,0.001038,0,0,0.0,0.0009286666666666667,0.0,0.0001740000000000001,0.6666666665555555,,1
4510,2,128,3,3,29,42,0.00127,0,0,0.0,0.0010573333333333335,0.0,0.000232,0.49999999991666666,,1
4570,2,130,1,1,11,40,0.001009,0,0,0.0,0.0011056666666666665,0.0,-0.00026100000000000016,0.49999999975,,1
4631,2,131,2,4,26,38,0.000895,0,0,0.0,0.001058,0.0,-0.00011399999999999995,0.6666666665555555,,1
4691,2,133,2,4,40,38,0.000968,0,0,0.0,0.0009573333333333334,0.0,7.300000000000004e-05,0.6666666665555555,,1
4751,2,135,1,1,16,39,0.001003,1,0,0.3333333333333333,0.0009553333333333333,1.0,3.499999999999998e-05,0.49999999975,,1
4812,2,137,6,0,8,43,0.001463,1,0,0.6666666666666666,0.0011446666666666669,0.0,0.0004600000000000001,0.0,,1
4872,2,138,1,5,40,41,0.00138,1,0,1.0,0.001282,0.0,-8.300000000000017e-05,0.8333333331944445,,1
4932,2,140,5,1,28,42,0.001493,0,0,0.6666666666666666,0.0014453333333333332,-1.0,0.00011300000000000004,0.16666666663888888,,1
4992,2,141,3,3,40,43,0.001738,3,1,1.3333333333333333,0.0015370000000000002,3.0,0.000245,0.49999999991666666,,1
5053,2,142,5,1,14,39,0.001093,0,0,1.0,0.0014413333333333333,-3.0,-0.000645,0.16666666663888888,,1
5113,2,144,5,1,13,42,0.001488,0,0,1.0,0.0014396666666666666,0.0,0.00039499999999999995,0.16666666663888888,,1
5173,2,146,2,4,23,41,0.001442,0,0,0.0,0.001341,0.0,-4.6000000000000034e-05,0.6666666665555555,,1
5233,2,148,3,1,4,40,0.00125,0,0,0.0,0.0013933333333333332,0.0,-0.0001919999999999999,0.2499999999375,,1
5293,2,150,3,0,8,43,0.001734,1,0,0.3333333333333333,0.0014753333333333335,1.0,0.00048400000000000006,0.0,,1
5353,2,151,1,5,27,39,0.001289,0,0,0.3333333333333333,0.0014243333333333337,-1.0,-0.0004450000000000001,0.8333333331944445,,1
5413,2,153,4,2,22,43,0.001899,0,0,0.3333333333333333,0.0016406666666666668,0.0,0.0006100000000000001,0.33333333327777775,,1
5473,2,155,1,0,11,38,0.001159,0,0,0.0,0.001449,0.0,-0.00074,0.0,,1
5533,2,156,3,3,34,40,0.001547,0,0,0.0,0.001535,0.0,0.0003879999999999999,0.49999999991666666,,1
5593,2,158,2,4,11,43,0.001937,0,0,0.0,0.0015476666666666666,0.0,0.00038999999999999994,0.6666666665555555,,1
5654,2,161,0,0,1,39,0.001319,1,0,0.3333333333333333,0.001601,1.0,-0.0006179999999999998,0.0,,1
5714,2,162,3,3,16,40,0.001556,0,0,0.3333333333333333,0.0016040000000000002,-1.0,0.00023700000000000001,0.49999999991666666,,1
5774,2,163,3,3,42,38,0.001431,1,0,0.6666666666666666,0.0014353333333333334,1.0,-0.0001250000000000001,0.49999999991666666,,1
5835,2,165,3,3,20,38,0.001353,0,0,0.3333333333333333,0.0014466666666666666,-1.0,-7.799999999999994e-05,0.49999999991666666,,1
5896,2,167,1,0,1,41,0.001713,1,0,0.6666666666666666,0.0014990000000000001,1.0,0.00035999999999999986,0.0,,1
5957,2,169,1,0,1,43,0.002121,0,0,0.3333333333333333,0.0017290000000000003,-1.0,0.00040800000000000016,0.0,,1
6016,2,170,4,2,16,40,0.001708,0,0,0.3333333333333333,0.0018473333333333334,0.0,-0.00041299999999999996,0.33333333327777775,,1
6076,2,172,3,3,16,39,0.001589,0,0,0.0,0.001806,0.0,-0.00011900000000000018,0.49999999991666666,,1
6137,2,174,4,2,15,38,0.001472,0,0,0.0,0.0015896666666666665,0.0,-0.00011699999999999992,0.33333333327777775,,1
6198,2,176,5,1,12,42,0.002178,1,0,0.3333333333333333,0.0017463333333333332,1.0,0.0007059999999999998,0.16666666663888888,,1
6258,2,177,2,4,39,39,0.001828,0,0,0.3333333333333333,0.0018260000000000001,-1.0,-0.00034999999999999983,0.6666666665555555,,1
6319,2,180,2,4,14,42,0.002294,0,0,0.3333333333333333,0.0021,0.0,0.00046600000000000005,0.6666666665555555,,1
6380,2,182,1,1,18,42,0.00238,1,0,0.3333333333333333,0.0021673333333333336,1.0,8.600000000000014e-05,0.49999999975,,1
6439,2,183,1,5,41,40,0.002162,0,0,0.3333333333333333,0.002278666666666667,-1.0,-0.0002180000000000003,0.8333333331944445,,1
6498,2,185,3,3,19,41,0.002243,1,0,0.6666666666666666,0.002261666666666667,1.0,8.100000000000034e-05,0.49999999991666666,,1
6558,2,187,0,0,4,41,0.002162,2,1,1.0,0.0021890000000000004,1.0,-8.100000000000034e-05,0.0,,1
6618,2,188,2,4,22,41,0.002342,0,0,1.0,0.0022490000000000006,-2.0,0.00018000000000000004,0.6666666665555555,,1
6679,2,190,2,4,19,43,0.002861,0,0,0.6666666666666666,0.002455,0.0,0.0005189999999999999,0.6666666665555555,,1
6738,2,191,1,5,49,40,0.002419,0,0,0.0,0.0025406666666666668,0.0,-0.0004419999999999997,0.8333333331944445,,1
6798,2,193,3,3,39,42,0.002886,0,0,0.0,0.002722,0.0,0.00046699999999999997,0.49999999991666666,,1
6858,2,195,0,1,12,38,0.001821,1,0,0.3333333333333333,0.002375333333333334,1.0,-0.0010650000000000002,0.9999999989999999,,1
6918,2,196,3,3,15,40,0.002252,1,0,0.6666666666666666,0.0023196666666666674,0.0,0.0004310000000000002,0.49999999991666666,,1
6978,2,198,1,0,5,43,0.002943,3,1,1.6666666666666667,0.0023386666666666673,2.0,0.0006909999999999998,0.0,,1
7039,2,200,0,0,1,42,0.002687,0,0,1.3333333333333333,0.002627333333333334,-3.0,-0.0002559999999999997,0.0,,1
7099,2,201,4,2,20,38,0.001995,1,0,1.3333333333333333,0.002541666666666667,1.0,-0.0006920000000000003,0.33333333327777775,,1
7159,2,203,2,0,6,38,0.001928,0,0,0.3333333333333333,0.0022033333333333336,-1.0,-6.699999999999979e-05,0.0,,1
7218,2,204,5,1,11,39,0.002184,2,1,1.0,0.002035666666666667,2.0,0.00025600000000000015,0.16666666663888888,,1
54,3,1,1,0,8,38,2.7e-05,0,0,0.0,2.7e-05,0.0,0.0,0.0,96.0,0
113,3,2,1,5,24,43,4.9e-05,0,0,0.0,3.8e-05,0.0,2.2e-05,0.8333333331944445,95.0,0
173,3,4,2,4,30,39,3.8e-05,0,0,0.0,3.8e-05,0.0,-1.0999999999999996e-05,0.6666666665555555,93.0,0
233,3,5,2,4,35,40,4.5e-05,0,0,0.0,4.4000000000000006e-05,0.0,7.000000000000001e-06,0.6666666665555555,92.0,0
293,3,7,4,2,30,38,4.1e-05,0,0,0.0,4.133333333333333e-05,0.0,-4.000000000000002e-06,0.33333333327777775,90.0,0
353,3,8,5,1,15,40,4.9e-05,0,0,0.0,4.5e-05,0.0,7.999999999999998e-06,0.16666666663888888,89.0,0
413,3,10,1,0,1,42,6.2e-05,0,0,0.0,5.066666666666667e-05,0.0,1.3000000000000004e-05,0.0,87.0,0
473,3,11,2,4,31,43,8e-05,0,0,0.0,6.366666666666666e-05,0.0,1.8000000000000004e-05,0.6666666665555555,86.0,0
533,3,13,2,0,2,41,6.5e-05,0,0,0.0,6.9e-05,0.0,-1.5000000000000012e-05,0.0,84.0,0
593,3,14,2,4,16,42,7.9e-05,0,0,0.0,7.466666666666666e-05,0.0,1.4000000000000001e-05,0.6666666665555555,83.0,0
652,3,16,3,3,11,43,9.3e-05,0,0,0.0,7.9e-05,0.0,1.4000000000000001e-05,0.49999999991666666,81.0,0
713,3,18,3,3,15,43,0.000103,0,0,0.0,9.166666666666665e-05,0.0,9.999999999999999e-06,0.49999999991666666,79.0,0
773,3,20,4,2,15,40,8.4e-05,0,0,0.0,9.333333333333333e-05,0.0,-1.9e-05,0.33333333327777775,77.0,0
833,3,22,2,4,26,40,9.5e-05,0,0,0.0,9.400000000000001e-05,0.0,1.100000000000001e-05,0.6666666665555555,75.0,0
894,3,24,5,1,12,41,0.000107,0,0,0.0,9.533333333333334e-05,0.0,1.1999999999999994e-05,0.16666666663888888,73.0,0
954,3,26,3,3,22,42,0.000131,0,0,0.0,0.000111,0.0,2.4000000000000014e-05,0.49999999991666666,71.0,0
1015,3,28,3,0,8,38,9.1e-05,0,0,0.0,0.00010966666666666666,0.0,-4.000000000000001e-05,0.0,69.0,0
1074,3,29,2,4,29,39,0.000113,0,0,0.0,0.00011166666666666667,0.0,2.1999999999999993e-05,0.6666666665555555,68.0,0
1134,3,31,5,0,8,41,0.000135,0,0,0.0,0.000113,0.0,2.2000000000000006e-05,0.0,66.0,0
1195,3,32,2,4,35,39,0.000128,0,0,0.0,0.00012533333333333334,0.0,-7.0000000000000075e-06,0.6666666665555555,65.0,0
1256,3,35,1,0,1,42,0.000165,0,0,0.0,0.00014266666666666667,0.0,3.7000000000000005e-05,0.0,62.0,0
1316,3,36,4,2,28,43,0.000207,0,0,0.0,0.00016666666666666666,0.0,4.199999999999999e-05,0.33333333327777775,61.0,0
1376,3,38,5,1,10,40,0.000155,0,0,0.0,0.00017566666666666666,0.0,-5.199999999999999e-05,0.16666666663888888,59.0,0
1436,3,39,3,3,22,43,0.000223,0,0,0.0,0.000195,0.0,6.8e-05,0.49999999991666666,58.0,0
1497,3,41,4,1,10,41,0.000187,0,0,0.0,0.00018833333333333332,0.0,-3.600000000000001e-05,0.19999999996,56.0,0
1558,3,43,4,2,10,40,0.00018,0,0,0.0,0.00019666666666666669,0.0,-6.99999999999998e-06,0.33333333327777775,54.0,0
1618,3,45,3,3,15,40,0.000194,0,0,0.0,0.000187,0.0,1.3999999999999988e-05,0.49999999991666666,52.0,0
1678,3,46,0,6,41,43,0.000292,0,0,0.0,0.000222,0.0,9.8e-05,0.9999999998333333,51.0,0
1738,3,48,1,5,39,39,0.00021,0,0,0.0,0.000232,0.0,-8.199999999999999e-05,0.8333333331944445,49.0,0
1798,3,50,4,2,10,42,0.000264,0,0,0.0,0.0002553333333333334,0.0,5.400000000000001e-05,0.33333333327777775,47.0,0
1858,3,51,2,4,35,39,0.000224,0,0,0.0,0.0002326666666666667,0.0,-4.0000000000000024e-05,0.6666666665555555,46.0,0
1919,3,54,2,2,19,38,0.000207,0,0,0.0,0.00023166666666666667,0.0,-1.7000000000000007e-05,0.499999999875,43.0,0
1979,3,55,1,5,33,40,0.000271,0,0,0.0,0.00023399999999999997,0.0,6.399999999999998e-05,0.8333333331944445,42.0,0
2039,3,57,5,1,7,40,0.000258,0,0,0.0,0.0002453333333333333,0.0,-1.299999999999999e-05,0.16666666663888888,40.0,0
2100,3,59,1,0,1,39,0.000241,0,0,0.0,0.00025666666666666665,0.0,-1.699999999999998e-05,0.0,38.0,0
2160,3,61,0,0,3,42,0.000339,0,0,0.0,0.0002793333333333333,0.0,9.8e-05,0.0,36.0,0
2221,3,62,1,5,19,42,0.000369,0,0,0.0,0.00031633333333333334,0.0,3.0000000000000024e-05,0.8333333331944445,35.0,0
2282,3,64,1,5,25,39,0.000297,0,0,0.0,0.000335,0.0,-7.200000000000002e-05,0.8333333331944445,33.0,0
2342,3,66,3,1,9,40,0.000322,1,0,0.3333333333333333,0.0003293333333333334,1.0,2.500000000000001e-05,0.2499999999375,31.0,0
2402,3,68,2,1,21,41,0.000388,0,0,0.3333333333333333,0.0003356666666666667,-1.0,6.599999999999998e-05,0.3333333332222222,29.0,0
2462,3,69,3,3,19,38,0.000296,0,0,0.3333333333333333,0.0003353333333333333,0.0,-9.200000000000001e-05,0.49999999991666666,28.0,0
2523,3,71,5,1,9,39,0.000327,0,0,0.0,0.000337,0.0,3.0999999999999995e-05,0.16666666663888888,26.0,0
2584,3,72,2,4,40,38,0.000341,0,0,0.0,0.00032133333333333336,0.0,1.4000000000000015e-05,0.6666666665555555,25.0,0
2643,3,74,2,4,23,39,0.000368,0,0,0.0,0.00034533333333333334,0.0,2.7000000000000006e-05,0.6666666665555555,23.0,0
2704,3,76,2,0,2,41,0.000428,0,0,0.0,0.000379,0.0,5.9999999999999995e-05,0.0,21.0,0
2764,3,78,5,1,20,39,0.000395,0,0,0.0,0.000397,0.0,-3.299999999999999e-05,0.16666666663888888,19.0,0
2824,3,79,1,5,27,41,0.000501,0,0,0.0,0.00044133333333333335,0.0,0.00010600000000000003,0.8333333331944445,18.0,0
2885,3,80,1,5,60,40,0.000521,0,0,0.0,0.00047233333333333334,0.0,1.9999999999999944e-05,0.8333333331944445,17.0,0
2945,3,82,3,3,15,39,0.00042,1,0,0.3333333333333333,0.00048066666666666673,1.0,-0.00010099999999999996,0.49999999991666666,15.0,0
3005,3,83,1,5,41,42,0.000627,0,0,0.3333333333333333,0.0005226666666666666,-1.0,0.00020699999999999994,0.8333333331944445,14.0,0
3066,3,86,2,4,13,40,0.000496,0,0,0.3333333333333333,0.0005143333333333333,0.0,-0.00013099999999999993,0.6666666665555555,11.0,0
3126,3,88,3,3,18,42,0.000635,0,0,0.0,0.000586,0.0,0.00013900000000000002,0.49999999991666666,9.0,0
3186,3,90,2,0,2,39,0.000465,0,0,0.0,0.000532,0.0,-0.00017,0.0,7.0,0
3246,3,91,2,4,34,40,0.000588,0,0,0.0,0.0005626666666666667,0.0,0.00012299999999999995,0.6666666665555555,6.0,0
3307,3,93,4,2,22,43,0.000777,0,0,0.0,0.00061,0.0,0.00018900000000000004,0.33333333327777775,4.0,0
3367,3,95,1,5,29,42,0.000751,0,0,0.0,0.0007053333333333333,0.0,-2.599999999999998e-05,0.8333333331944445,2.0,0
3427,3,97,3,3,21,41,0.000687,2,1,0.6666666666666666,0.0007383333333333334,2.0,-6.400000000000004e-05,0.49999999991666666,0.0,0
3488,3,99,4,2,19,42,0.000777,0,0,0.6666666666666666,0.0007383333333333334,-2.0,9.000000000000002e-05,0.33333333327777775,,1
3548,3,100,3,3,43,39,0.000648,0,0,0.6666666666666666,0.0007040000000000001,0.0,-0.000129,0.49999999991666666,,1
3608,3,102,3,3,15,42,0.000805,0,0,0.0,0.0007433333333333334,0.0,0.00015700000000000002,0.49999999991666666,,1
3668,3,104,3,3,21,39,0.00064,1,0,0.3333333333333333,0.0006976666666666667,1.0,-0.000165,0.49999999991666666,,1
3728,3,106,4,2,21,38,0.000601,0,0,0.3333333333333333,0.000682,-1.0,-3.900000000000008e-05,0.33333333327777775,,1
3787,3,107,2,4,48,40,0.000815,1,0,0.6666666666666666,0.0006853333333333333,1.0,0.000214,0.6666666665555555,,1
3848,3,108,1,5,54,43,0.001125,0,0,0.3333333333333333,0.000847,-1.0,0.00030999999999999995,0.8333333331944445,,1
3908,3,110,1,5,33,38,0.00067,0,0,0.3333333333333333,0.00087,0.0,-0.0004549999999999999,0.8333333331944445,,1
3969,3,112,2,0,2,43,0.000991,0,0,0.0,0.0009286666666666666,0.0,0.0003209999999999999,0.0,,1
4029,3,113,6,0,8,43,0.001031,0,0,0.0,0.0008973333333333333,0.0,4.0000000000000105e-05,0.0,,1
4088,3,114,2,4,18,40,0.000818,0,0,0.0,0.0009466666666666667,0.0,-0.00021299999999999997,0.6666666665555555,,1
4148,3,116,3,3,16,42,0.001013,0,0,0.0,0.000954,0.0,0.00019499999999999997,0.49999999991666666,,1
4209,3,119,4,2,16,42,0.00106,0,0,0.0,0.0009636666666666668,0.0,4.699999999999995e-05,0.33333333327777775,,1
4269,3,120,3,3,15,43,0.001179,2,1,0.6666666666666666,0.001084,2.0,0.00011899999999999997,0.49999999991666666,,1
4329,3,122,3,3,28,42,0.00116,0,0,0.6666666666666666,0.0011330000000000001,-2.0,-1.899999999999992e-05,0.49999999991666666,,1
4390,3,124,2,4,26,42,0.001186,0,0,0.6666666666666666,0.0011749999999999998,0.0,2.599999999999998e-05,0.6666666665555555,,1
4450,3,126,3,3,28,40,0.001016,1,0,0.3333333333333333,0.0011206666666666667,1.0,-0.00017,0.49999999991666666,,1
4510,3,128,1,2,22,40,0.001023,0,0,0.3333333333333333,0.0010749999999999998,-1.0,7.000000000000062e-06,0.6666666664444444,,1
4570,3,129,4,2,46,42,0.001368,0,0,0.3333333333333333,0.0011356666666666668,0.0,0.00034500000000000004,0.33333333327777775,,1
4631,3,130,2,4,37,41,0.001223,0,0,0.0,0.0012046666666666666,0.0,-0.00014500000000000016,0.6666666665555555,,1
4691,3,132,3,3,17,38,0.000878,0,0,0.0,0.0011563333333333334,0.0,-0.00034499999999999993,0.49999999991666666,,1
4751,3,134,2,4,10,40,0.001063,0,0,0.0,0.0010546666666666666,0.0,0.00018499999999999994,0.6666666665555555,,1
4812,3,136,1,5,14,41,0.001221,0,0,0.0,0.001054,0.0,0.00015800000000000015,0.8333333331944445,,1
4872,3,138,1,5,34,43,0.001634,2,1,0.6666666666666666,0.0013059999999999999,2.0,0.00041299999999999996,0.8333333331944445,,1
4932,3,140,1,0,5,39,0.001028,0,0,0.6666666666666666,0.0012943333333333333,-2.0,-0.000606,0.0,,1
4992,3,142,0,0,3,39,0.001047,0,0,0.6666666666666666,0.0012363333333333334,0.0,1.899999999999992e-05,0.0,,1
5053,3,143,1,5,37,43,0.001765,0,0,0.0,0.0012799999999999999,0.0,0.0007180000000000001,0.8333333331944445,,1
5113,3,144,2,4,55,40,0.00143,0,0,0.0,0.0014140000000000001,0.0,-0.000335,0.6666666665555555,,1
5173,3,146,3,3,17,43,0.001706,0,0,0.0,0.0016336666666666667,0.0,0.000276,0.49999999991666666,,1
5233,3,147,1,5,51,41,0.001614,0,0,0.0,0.0015833333333333333,0.0,-9.200000000000007e-05,0.8333333331944445,,1
5293,3,149,1,5,31,42,0.001697,0,0,0.0,0.0016723333333333332,0.0,8.299999999999996e-05,0.8333333331944445,,1
5353,3,151,2,4,21,41,0.001525,0,0,0.0,0.001612,0.0,-0.00017199999999999984,0.6666666665555555,,1
5413,3,153,1,1,17,43,0.001864,0,0,0.0,0.0016953333333333334,0.0,0.0003389999999999999,0.49999999975,,1
5473,3,154,3,3,28,39,0.001343,1,0,0.3333333333333333,0.0015773333333333334,1.0,-0.000521,0.49999999991666666,,1
5533,3,156,2,4,22,42,0.001792,0,0,0.3333333333333333,0.0016663333333333333,-1.0,0.00044899999999999996,0.6666666665555555,,1
5593,3,158,3,3,17,39,0.001354,0,0,0.3333333333333333,0.0014963333333333332,0.0,-0.000438,0.49999999991666666,,1
5654,3,160,2,1,14,38,0.001246,0,0,0.0,0.001464,0.0,-0.00010800000000000002,0.3333333332222222,,1
5714,3,162,1,0,4,43,0.001977,0,0,0.0,0.0015256666666666665,0.0,0.0007310000000000001,0.0,,1
5774,3,163,2,4,17,40,0.001581,1,0,0.3333333333333333,0.001601333333333333,1.0,-0.0003960000000000001,0.6666666665555555,,1
5835,3,165,2,4,26,40,0.001674,0,0,0.3333333333333333,0.0017439999999999999,-1.0,9.299999999999998e-05,0.6666666665555555,,1
5896,3,167,5,1,20,39,0.001523,0,0,0.3333333333333333,0.0015926666666666665,0.0,-0.00015099999999999988,0.16666666663888888,,1
5957,3,169,3,3,16,39,0.001535,0,0,0.0,0.0015773333333333331,0.0,1.1999999999999858e-05,0.49999999991666666,,1
6016,3,171,2,0,9,39,0.001529,0,0,0.0,0.0015289999999999998,0.0,-5.999999999999929e-06,0.0,,1
6076,3,173,2,1,9,38,0.001422,0,0,0.0,0.001495333333333333,0.0,-0.00010699999999999989,0.3333333332222222,,1
6137,3,175,2,1,10,41,0.001943,0,0,0.0,0.001631333333333333,0.0,0.000521,0.3333333332222222,,1
6198,3,177,0,0,1,39,0.001585,0,0,0.0,0.0016499999999999998,0.0,-0.00035800000000000003,0.0,,1
6258,3,178,3,3,25,39,0.001757,0,0,0.0,0.0017616666666666666,0.0,0.00017200000000000006,0.49999999991666666,,1
6319,3,179,2,4,46,38,0.001741,0,0,0.0,0.0016943333333333333,0.0,-1.6000000000000172e-05,0.6666666665555555,,1
6380,3,181,5,0,7,39,0.001696,0,0,0.0,0.0017313333333333332,0.0,-4.49999999999999e-05,0.0,,1
6439,3,182,4,2,16,43,0.002598,1,0,0.3333333333333333,0.0020116666666666664,1.0,0.000902,0.33333333327777775,,1
6498,3,184,4,1,5,43,0.002544,1,0,0.6666666666666666,0.002279333333333333,0.0,-5.400000000000023e-05,0.19999999996,,1
6558,3,185,1,5,29,39,0.001924,1,0,1.0,0.002355333333333333,0.0,-0.0006199999999999999,0.8333333331944445,,1
6618,3,187,2,4,27,43,0.002856,1,0,1.0,0.002441333333333333,0.0,0.0009320000000000001,0.6666666665555555,,1
6679,3,188,5,0,7,42,0.002432,1,0,1.0,0.002404,0.0,-0.0004239999999999999,0.0,,1
6738,3,189,2,4,23,39,0.001963,1,0,1.0,0.0024169999999999994,0.0,-0.00046900000000000023,0.6666666665555555,,1
6798,3,191,1,5,19,43,0.002891,1,0,1.0,0.002428666666666666,0.0,0.000928,0.8333333331944445,,1
6858,3,193,1,5,24,41,0.002485,1,0,1.0,0.002446333333333333,0.0,-0.0004060000000000001,0.8333333331944445,,1
6918,3,195,2,4,33,42,0.002883,1,0,1.0,0.002753,0.0,0.00039800000000000035,0.6666666665555555,,1
6978,3,197,1,5,23,42,0.002837,1,0,1.0,0.0027349999999999996,0.0,-4.6000000000000034e-05,0.8333333331944445,,1
7039,3,199,4,2,7,42,0.002724,0,0,0.6666666666666666,0.0028146666666666667,-1.0,-0.00011300000000000025,0.33333333327777775,,1
7099,3,201,4,2,14,43,0.00314,1,0,0.6666666666666666,0.0029003333333333333,1.0,0.00041600000000000014,0.33333333327777775,,1
7159,3,202,2,4,37,41,0.002853,1,0,0.6666666666666666,0.002905666666666666,0.0,-0.00028699999999999993,0.6666666665555555,,1
7218,3,204,5,1,23,41,0.002766,2,1,1.3333333333333333,0.0029196666666666663,1.0,-8.700000000000027e-05,0.16666666663888888,,1
54,4,0,1,5,54,40,3.7e-05,0,0,0.0,3.7e-05,0.0,0.0,0.8333333331944445,123.0,0
113,4,2,5,1,18,40,3.6e-05,0,0,0.0,3.65e-05,0.0,-9.999999999999972e-07,0.16666666663888888,121.0,0
173,4,4,0,2,17,40,4e-05,0,0,0.0,3.766666666666667e-05,0.0,4.000000000000002e-06,0.9999999995,119.0,0
233,4,5,2,4,29,39,4e-05,0,0,0.0,3.866666666666667e-05,0.0,0.0,0.6666666665555555,118.0,0
293,4,7,4,2,11,43,6.1e-05,0,0,0.0,4.7000000000000004e-05,0.0,2.0999999999999995e-05,0.33333333327777775,116.0,0
353,4,9,3,0,8,42,6.1e-05,0,0,0.0,5.4000000000000005e-05,0.0,0.0,0.0,114.0,0
413,4,10,1,5,31,40,5.8e-05,0,0,0.0,5.9999999999999995e-05,0.0,-2.9999999999999984e-06,0.8333333331944445,113.0,0
473,4,12,4,2,12,43,7.9e-05,0,0,0.0,6.599999999999999e-05,0.0,2.0999999999999995e-05,0.33333333327777775,111.0,0
533,4,13,2,4,37,41,7.5e-05,0,0,0.0,7.066666666666666e-05,0.0,-4.000000000000002e-06,0.6666666665555555,110.0,0
593,4,15,5,1,9,43,8.9e-05,1,0,0.3333333333333333,8.1e-05,1.0,1.4000000000000001e-05,0.16666666663888888,108.0,0
652,4,16,2,4,36,40,7.7e-05,0,0,0.3333333333333333,8.033333333333333e-05,-1.0,-1.1999999999999994e-05,0.6666666665555555,107.0,0
713,4,18,2,4,26,40,8.1e-05,0,0,0.3333333333333333,8.233333333333333e-05,0.0,4.000000000000002e-06,0.6666666665555555,105.0,0
773,4,20,5,1,9,38,6.8e-05,0,0,0.0,7.533333333333334e-05,0.0,-1.3000000000000004e-05,0.16666666663888888,103.0,0
833,4,21,2,4,32,40,9.3e-05,0,0,0.0,8.066666666666667e-05,0.0,2.4999999999999998e-05,0.6666666665555555,102.0,0
894,4,23,3,3,18,40,9.6e-05,0,0,0.0,8.566666666666667e-05,0.0,3.000000000000005e-06,0.49999999991666666,100.0,0
954,4,24,3,3,28,40,0.000103,0,0,0.0,9.733333333333333e-05,0.0,6.999999999999994e-06,0.49999999991666666,99.0,0
1015,4,25,3,3,19,43,0.000138,0,0,0.0,0.00011233333333333333,0.0,3.5e-05,0.49999999991666666,98.0,0
1074,4,27,3,3,22,38,9.3e-05,0,0,0.0,0.00011133333333333333,0.0,-4.4999999999999996e-05,0.49999999991666666,96.0,0
1134,4,29,3,0,3,39,0.000102,1,0,0.3333333333333333,0.00011099999999999999,1.0,9.000000000000002e-06,0.0,94.0,0
1195,4,31,3,0,3,39,0.000109,0,0,0.3333333333333333,0.00010133333333333333,-1.0,7.0000000000000075e-06,0.0,92.0,0
1256,4,32,1,5,25,39,0.000123,0,0,0.3333333333333333,0.00011133333333333335,0.0,1.4000000000000001e-05,0.8333333331944445,91.0,0
1316,4,34,2,4,22,38,0.000118,0,0,0.0,0.00011666666666666668,0.0,-5.000000000000013e-06,0.6666666665555555,89.0,0
1376,4,36,4,0,4,43,0.000189,0,0,0.0,0.00014333333333333334,0.0,7.100000000000002e-05,0.0,87.0,0
1436,4,37,3,3,40,39,0.000153,0,0,0.0,0.00015333333333333334,0.0,-3.600000000000001e-05,0.49999999991666666,86.0,0
1497,4,39,3,3,20,42,0.000201,0,0,0.0,0.00018100000000000004,0.0,4.8e-05,0.49999999991666666,84.0,0
1558,4,40,2,4,21,41,0.000189,0,0,0.0,0.00018100000000000004,0.0,-1.1999999999999994e-05,0.6666666665555555,83.0,0
1618,4,41,2,4,52,38,0.000163,0,0,0.0,0.00018433333333333336,0.0,-2.600000000000001e-05,0.6666666665555555,82.0,0
1678,4,43,5,1,16,42,0.000223,1,0,0.3333333333333333,0.00019166666666666667,1.0,5.9999999999999995e-05,0.16666666663888888,80.0,0
1738,4,45,2,4,9,41,0.000209,0,0,0.3333333333333333,0.00019833333333333335,-1.0,-1.3999999999999988e-05,0.6666666665555555,78.0,0
1798,4,47,1,5,27,43,0.000286,0,0,0.3333333333333333,0.00023933333333333337,0.0,7.7e-05,0.8333333331944445,76.0,0
1858,4,49,2,4,22,39,0.000202,0,0,0.0,0.0002323333333333334,0.0,-8.400000000000001e-05,0.6666666665555555,74.0,0
1919,4,51,2,4,25,40,0.000237,0,0,0.0,0.0002416666666666667,0.0,3.499999999999998e-05,0.6666666665555555,72.0,0
1979,4,53,2,4,27,42,0.000305,0,0,0.0,0.000248,0.0,6.8e-05,0.6666666665555555,70.0,0
2039,4,54,1,5,44,42,0.000333,0,0,0.0,0.0002916666666666667,0.0,2.800000000000003e-05,0.8333333331944445,69.0,0
2100,4,57,3,3,14,41,0.000292,0,0,0.0,0.00031,0.0,-4.100000000000002e-05,0.49999999991666666,66.0,0
2160,4,59,3,3,14,40,0.000279,0,0,0.0,0.00030133333333333336,0.0,-1.299999999999999e-05,0.49999999991666666,64.0,0
2221,4,60,0,6,41,41,0.000347,0,0,0.0,0.000306,0.0,6.799999999999997e-05,0.9999999998333333,63.0,0
2282,4,63,2,0,2,40,0.000293,0,0,0.0,0.00030633333333333337,0.0,-5.399999999999996e-05,0.0,60.0,0
2342,4,65,3,0,3,40,0.000308,0,0,0.0,0.00031600000000000004,0.0,1.4999999999999985e-05,0.0,58.0,0
2402,4,67,2,4,16,43,0.000451,0,0,0.0,0.00035066666666666666,0.0,0.000143,0.6666666665555555,56.0,0
2462,4,70,1,0,5,41,0.000382,0,0,0.0,0.0003803333333333334,0.0,-6.9e-05,0.0,53.0,0
2523,4,72,0,0,3,40,0.000359,0,0,0.0,0.00039733333333333336,0.0,-2.3000000000000017e-05,0.0,51.0,0
2584,4,73,4,2,12,40,0.00038,1,0,0.3333333333333333,0.0003736666666666667,1.0,2.1000000000000023e-05,0.33333333327777775,50.0,0
2643,4,74,3,3,17,42,0.000479,0,0,0.3333333333333333,0.00040600000000000006,-1.0,9.899999999999997e-05,0.49999999991666666,49.0,0
2704,4,75,1,5,38,43,0.000581,0,0,0.3333333333333333,0.00048,0.0,0.00010200000000000004,0.8333333331944445,48.0,0
2764,4,77,3,3,9,41,0.000449,0,0,0.0,0.0005030000000000001,0.0,-0.000132,0.49999999991666666,46.0,0
2824,4,78,1,5,45,41,0.000524,0,0,0.0,0.0005180000000000001,0.0,7.500000000000003e-05,0.8333333331944445,45.0,0
2885,4,80,5,1,7,40,0.000431,0,0,0.0,0.00046800000000000005,0.0,-9.300000000000004e-05,0.16666666663888888,43.0,0
2945,4,82,6,0,9,41,0.000497,0,0,0.0,0.00048400000000000006,0.0,6.600000000000003e-05,0.0,41.0,0
3005,4,83,3,3,16,38,0.000391,0,0,0.0,0.0004396666666666667,0.0,-0.00010600000000000003,0.49999999991666666,40.0,0
3066,4,85,5,1,7,42,0.000575,0,0,0.0,0.0004876666666666667,0.0,0.00018399999999999997,0.16666666663888888,38.0,0
3126,4,86,2,4,43,42,0.000669,0,0,0.0,0.000545,0.0,9.400000000000001e-05,0.6666666665555555,37.0,0
3186,4,88,4,2,14,43,0.000688,0,0,0.0,0.000644,0.0,1.9000000000000028e-05,0.33333333327777775,35.0,0
3246,4,90,4,1,5,41,0.00057,0,0,0.0,0.0006423333333333333,0.0,-0.00011800000000000005,0.19999999996,33.0,0
3307,4,91,4,2,9,41,0.000589,0,0,0.0,0.0006156666666666667,0.0,1.9000000000000028e-05,0.33333333327777775,32.0,0
3367,4,93,6,0,17,40,0.000573,0,0,0.0,0.0005773333333333333,0.0,-1.5999999999999955e-05,0.0,30.0,0
3427,4,94,1,5,15,41,0.000637,0,0,0.0,0.0005996666666666668,0.0,6.399999999999993e-05,0.8333333331944445,29.0,0
3488,4,97,3,3,14,41,0.000669,0,0,0.0,0.0006263333333333333,0.0,3.200000000000002e-05,0.49999999991666666,26.0,0
3548,4,99,0,6,13,42,0.000759,1,0,0.3333333333333333,0.0006883333333333333,1.0,9.000000000000002e-05,0.9999999998333333,24.0,0
3608,4,101,4,2,9,42,0.000774,0,0,0.3333333333333333,0.000734,-1.0,1.4999999999999931e-05,0.33333333327777775,22.0,0
3668,4,103,4,2,9,41,0.000727,1,0,0.6666666666666666,0.0007533333333333333,1.0,-4.699999999999995e-05,0.33333333327777775,20.0,0
3728,4,104,1,5,46,42,0.000932,0,0,0.3333333333333333,0.000811,-1.0,0.000205,0.8333333331944445,19.0,0
3787,4,106,3,3,17,40,0.000717,0,0,0.3333333333333333,0.0007919999999999998,0.0,-0.00021500000000000002,0.49999999991666666,17.0,0
3848,4,108,4,2,8,42,0.000866,1,0,0.3333333333333333,0.0008383333333333333,1.0,0.00014900000000000004,0.33333333327777775,15.0,0
3908,4,110,2,4,28,42,0.000964,1,0,0.6666666666666666,0.0008489999999999999,0.0,9.8e-05,0.6666666665555555,13.0,0
3969,4,112,2,4,29,39,0.00075,0,0,0.6666666666666666,0.00086,-1.0,-0.000214,0.6666666665555555,11.0,0
4029,4,115,0,0,2,40,0.000781,0,0,0.3333333333333333,0.0008316666666666666,0.0,3.0999999999999995e-05,0.0,8.0,0
4088,4,116,5,1,31,41,0.000973,0,0,0.0,0.0008346666666666667,0.0,0.000192,0.16666666663888888,7.0,0
4148,4,117,2,4,27,42,0.001072,0,0,0.0,0.0009420000000000001,0.0,9.900000000000002e-05,0.6666666665555555,6.0,0
4209,4,118,3,3,10,38,0.000697,0,0,0.0,0.000914,0.0,-0.000375,0.49999999991666666,5.0,0
4269,4,120,2,0,2,40,0.000842,0,0,0.0,0.0008703333333333335,0.0,0.00014499999999999995,0.0,3.0,0
4329,4,121,1,5,46,39,0.000915,0,0,0.0,0.0008180000000000002,0.0,7.300000000000004e-05,0.8333333331944445,2.0,0
4390,4,123,2,4,36,42,0.001211,2,1,0.6666666666666666,0.0009893333333333334,2.0,0.00029600000000000004,0.6666666665555555,0.0,0
4450,4,125,2,4,10,39,0.000851,0,0,0.6666666666666666,0.0009923333333333336,-2.0,-0.0003600000000000001,0.6666666665555555,,1
4510,4,127,3,3,16,38,0.000815,0,0,0.6666666666666666,0.0009590000000000001,0.0,-3.600000000000001e-05,0.49999999991666666,,1
4570,4,128,1,5,35,41,0.00118,2,1,0.6666666666666666,0.0009486666666666668,2.0,0.0003650000000000001,0.8333333331944445,,1
4631,4,130,5,1,15,41,0.001127,0,0,0.6666666666666666,0.0010406666666666665,-2.0,-5.3000000000000096e-05,0.16666666663888888,,1
4691,4,131,3,2,11,39,0.000931,0,0,0.6666666666666666,0.0010793333333333334,0.0,-0.000196,0.39999999992,,1
4751,4,132,4,2,28,39,0.001006,0,0,0.0,0.0010213333333333333,0.0,7.499999999999998e-05,0.33333333327777775,,1
4812,4,133,1,5,36,38,0.000954,0,0,0.0,0.0009636666666666668,0.0,-5.199999999999996e-05,0.8333333331944445,,1
4872,4,135,4,1,5,40,0.001057,0,0,0.0,0.0010056666666666666,0.0,0.00010300000000000001,0.19999999996,,1
4932,4,137,2,4,17,38,0.00094,0,0,0.0,0.0009836666666666668,0.0,-0.00011700000000000002,0.6666666665555555,,1
4992,4,139,3,3,15,41,0.001276,1,0,0.3333333333333333,0.0010910000000000002,1.0,0.00033600000000000004,0.49999999991666666,,1
5053,4,141,2,4,20,39,0.001104,0,0,0.3333333333333333,0.0011066666666666666,-1.0,-0.00017200000000000006,0.6666666665555555,,1
5113,4,143,5,1,7,40,0.001186,0,0,0.3333333333333333,0.0011886666666666666,0.0,8.200000000000004e-05,0.16666666663888888,,1
5173,4,145,5,1,11,40,0.001236,1,0,0.3333333333333333,0.0011753333333333336,1.0,4.9999999999999914e-05,0.16666666663888888,,1
5233,4,147,4,2,15,38,0.001065,0,0,0.3333333333333333,0.0011623333333333336,-1.0,-0.00017099999999999993,0.33333333327777775,,1
5293,4,149,2,4,26,42,0.001666,1,0,0.6666666666666666,0.0013223333333333333,1.0,0.000601,0.6666666665555555,,1
5353,4,151,4,0,4,42,0.001572,0,0,0.3333333333333333,0.0014343333333333335,-1.0,-9.39999999999999e-05,0.0,,1
5413,4,152,2,4,11,38,0.001117,0,0,0.3333333333333333,0.0014516666666666669,0.0,-0.0004550000000000001,0.6666666665555555,,1
5473,4,154,4,1,5,40,0.001354,0,0,0.0,0.0013476666666666665,0.0,0.00023700000000000001,0.19999999996,,1
5533,4,155,1,5,28,41,0.001645,0,0,0.0,0.0013720000000000002,0.0,0.000291,0.8333333331944445,,1
5593,4,157,3,3,29,43,0.002047,0,0,0.0,0.0016820000000000003,0.0,0.00040200000000000023,0.49999999991666666,,1
5654,4,158,1,5,44,41,0.001807,1,0,0.3333333333333333,0.0018330000000000002,1.0,-0.0002400000000000002,0.8333333331944445,,1
5714,4,160,1,5,33,40,0.001618,1,0,0.6666666666666666,0.0018240000000000003,0.0,-0.00018899999999999993,0.8333333331944445,,1
5774,4,163,4,1,5,38,0.001247,0,0,0.6666666666666666,0.0015573333333333335,-1.0,-0.000371,0.19999999996,,1
5835,4,165,2,1,4,41,0.001693,0,0,0.3333333333333333,0.0015193333333333337,0.0,0.000446,0.3333333332222222,,1
5896,4,166,3,3,14,38,0.001338,0,0,0.0,0.0014260000000000002,0.0,-0.00035500000000000006,0.49999999991666666,,1
5957,4,168,1,5,21,40,0.001701,2,1,0.6666666666666666,0.0015773333333333336,2.0,0.00036300000000000004,0.8333333331944445,,1
6016,4,169,1,5,41,42,0.002239,0,0,0.6666666666666666,0.0017593333333333339,-2.0,0.0005380000000000001,0.8333333331944445,,1
6076,4,170,2,4,52,42,0.002353,1,0,1.0,0.002097666666666667,1.0,0.00011399999999999995,0.6666666665555555,,1
6137,4,171,3,3,21,42,0.002131,0,0,0.3333333333333333,0.0022410000000000004,-1.0,-0.00022199999999999998,0.49999999991666666,,1
6198,4,172,2,4,36,41,0.002069,3,1,1.3333333333333333,0.0021843333333333337,3.0,-6.199999999999999e-05,0.6666666665555555,,1
6258,4,174,2,0,2,43,0.002253,1,0,1.3333333333333333,0.002151,-2.0,0.0001839999999999997,0.0,,1
6319,4,175,2,4,25,41,0.002057,0,0,1.3333333333333333,0.002126333333333334,-1.0,-0.000196,0.6666666665555555,,1
6380,4,177,4,2,13,40,0.001827,0,0,0.3333333333333333,0.002045666666666667,0.0,-0.00022999999999999974,0.33333333327777775,,1
6439,4,179,4,0,4,38,0.001491,0,0,0.0,0.0017916666666666669,0.0,-0.00033600000000000014,0.0,,1
6498,4,180,2,4,26,38,0.001639,0,0,0.0,0.0016523333333333338,0.0,0.00014800000000000013,0.6666666665555555,,1
6558,4,182,3,3,17,38,0.001619,1,0,0.3333333333333333,0.0015830000000000002,1.0,-2.0000000000000052e-05,0.49999999991666666,,1
6618,4,184,2,3,11,43,0.002604,1,0,0.6666666666666666,0.0019540000000000004,0.0,0.000985,0.59999999988,,1
6679,4,186,2,4,26,39,0.001923,2,1,1.3333333333333333,0.002048666666666667,1.0,-0.000681,0.6666666665555555,,1
6738,4,188,3,3,17,42,0.002528,1,0,1.3333333333333333,0.0023516666666666673,-1.0,0.0006049999999999999,0.49999999991666666,,1
6798,4,189,2,4,26,39,0.001985,0,0,1.0,0.0021453333333333337,-1.0,-0.0005430000000000001,0.6666666665555555,,1
6858,4,191,5,1,18,42,0.002618,1,0,0.6666666666666666,0.002377,1.0,0.0006330000000000003,0.16666666663888888,,1
6918,4,193,4,2,10,41,0.002357,1,0,0.6666666666666666,0.0023200000000000004,0.0,-0.00026099999999999995,0.33333333327777775,,1
6978,4,195,3,3,17,38,0.001856,0,0,0.6666666666666666,0.0022770000000000004,-1.0,-0.0005010000000000001,0.49999999991666666,,1
7039,4,197,2,4,19,38,0.001909,1,0,0.6666666666666666,0.002040666666666667,1.0,5.3000000000000096e-05,0.6666666665555555,,1
7099,4,200,2,0,2,41,0.002452,2,1,1.0,0.0020723333333333336,1.0,0.0005430000000000001,0.0,,1
7159,4,202,3,3,12,42,0.002861,0,0,1.0,0.002407333333333334,-2.0,0.00040899999999999964,0.49999999991666666,,1
7218,4,203,3,3,41,41,0.002923,5,1,2.3333333333333335,0.0027453333333333336,5.0,6.199999999999999e-05,0.49999999991666666,,1
54,5,0,2,4,54,40,3.7e-05,0,0,0.0,3.7e-05,0.0,0.0,0.6666666665555555,135.0,0
113,5,1,1,5,47,38,3.1e-05,0,0,0.0,3.4e-05,0.0,-5.999999999999997e-06,0.8333333331944445,134.0,0
173,5,3,4,0,4,39,3.3e-05,0,0,0.0,3.366666666666667e-05,0.0,2.000000000000001e-06,0.0,132.0,0
233,5,5,3,3,16,43,5.6e-05,0,0,0.0,4e-05,0.0,2.2999999999999997e-05,0.49999999991666666,130.0,0
293,5,6,0,6,36,40,4.8e-05,0,0,0.0,4.566666666666667e-05,0.0,-7.999999999999998e-06,0.9999999998333333,129.0,0
353,5,9,0,0,1,43,6.5e-05,0,0,0.0,5.633333333333333e-05,0.0,1.6999999999999993e-05,0.0,126.0,0
413,5,10,3,3,25,39,5.1e-05,0,0,0.0,5.466666666666667e-05,0.0,-1.3999999999999995e-05,0.49999999991666666,125.0,0
473,5,11,2,4,49,41,7.1e-05,0,0,0.0,6.233333333333334e-05,0.0,2.0000000000000005e-05,0.6666666665555555,124.0,0
533,5,13,2,4,31,39,6e-05,0,0,0.0,6.0666666666666666e-05,0.0,-1.1000000000000003e-05,0.6666666665555555,122.0,0
593,5,16,0,0,2,40,6.8e-05,0,0,0.0,6.633333333333334e-05,0.0,7.999999999999998e-06,0.0,119.0,0
652,5,17,4,2,29,42,9.5e-05,0,0,0.0,7.433333333333333e-05,0.0,2.7000000000000006e-05,0.33333333327777775,118.0,0
713,5,19,6,0,9,41,8.7e-05,0,0,0.0,8.333333333333333e-05,0.0,-8.000000000000005e-06,0.0,116.0,0
773,5,20,1,5,39,40,9.2e-05,1,0,0.3333333333333333,9.133333333333334e-05,1.0,4.9999999999999996e-06,0.8333333331944445,115.0,0
833,5,22,3,3,14,42,0.00011,0,0,0.3333333333333333,9.633333333333332e-05,-1.0,1.8000000000000004e-05,0.49999999991666666,113.0,0
894,5,24,2,1,7,43,0.000127,0,0,0.3333333333333333,0.00010966666666666666,0.0,1.6999999999999993e-05,0.3333333332222222,111.0,0
954,5,25,2,4,16,41,0.000113,0,0,0.0,0.00011666666666666667,0.0,-1.4000000000000001e-05,0.6666666665555555,110.0,0
1015,5,27,4,2,14,41,0.00012,0,0,0.0,0.00011999999999999999,0.0,7.0000000000000075e-06,0.33333333327777775,108.0,0
1074,5,29,3,3,10,39,0.000105,0,0,0.0,0.00011266666666666666,0.0,-1.4999999999999999e-05,0.49999999991666666,106.0,0
1134,5,30,1,5,47,41,0.000151,0,0,0.0,0.00012533333333333334,0.0,4.600000000000001e-05,0.8333333331944445,105.0,0
1195,5,31,2,4,58,43,0.000196,0,0,0.0,0.00015066666666666668,0.0,4.499999999999998e-05,0.6666666665555555,104.0,0
1256,5,32,3,3,37,38,0.000117,0,0,0.0,0.00015466666666666667,0.0,-7.9e-05,0.49999999991666666,103.0,0
1316,5,34,2,4,16,41,0.000154,0,0,0.0,0.00015566666666666666,0.0,3.7000000000000005e-05,0.6666666665555555,101.0,0
1376,5,36,2,4,33,41,0.000175,0,0,0.0,0.00014866666666666666,0.0,2.0999999999999995e-05,0.6666666665555555,99.0,0
1436,5,38,3,3,11,42,0.000188,0,0,0.0,0.00017233333333333334,0.0,1.299999999999999e-05,0.49999999991666666,97.0,0
1497,5,40,4,0,4,42,0.000195,0,0,0.0,0.000186,0.0,7.0000000000000075e-06,0.0,95.0,0
1558,5,41,1,5,37,39,0.000171,1,0,0.3333333333333333,0.00018466666666666666,1.0,-2.3999999999999987e-05,0.8333333331944445,94.0,0
1618,5,44,3,1,4,41,0.000199,0,0,0.3333333333333333,0.00018833333333333332,-1.0,2.8000000000000003e-05,0.2499999999375,91.0,0
1678,5,45,2,4,29,43,0.000272,0,0,0.3333333333333333,0.000214,0.0,7.299999999999999e-05,0.6666666665555555,90.0,0
1738,5,46,4,2,27,42,0.000253,0,0,0.0,0.00024133333333333334,0.0,-1.8999999999999974e-05,0.33333333327777775,89.0,0
1798,5,48,4,2,16,40,0.000212,0,0,0.0,0.00024566666666666666,0.0,-4.100000000000002e-05,0.33333333327777775,87.0,0
1858,5,50,4,2,11,39,0.000199,0,0,0.0,0.00022133333333333336,0.0,-1.299999999999999e-05,0.33333333327777775,85.0,0
1919,5,52,5,1,7,39,0.000207,0,0,0.0,0.00020600000000000002,0.0,7.999999999999978e-06,0.16666666663888888,83.0,0
1979,5,53,3,3,39,43,0.00035,0,0,0.0,0.000252,0.0,0.000143,0.49999999991666666,82.0,0
2039,5,55,2,4,25,42,0.000319,0,0,0.0,0.000292,0.0,-3.0999999999999995e-05,0.6666666665555555,80.0,0
2100,5,56,3,3,32,42,0.000335,0,0,0.0,0.0003346666666666667,0.0,1.600000000000001e-05,0.49999999991666666,79.0,0
2160,5,57,1,5,44,42,0.000359,0,0,0.0,0.00033766666666666667,0.0,2.3999999999999987e-05,0.8333333331944445,78.0,0
2221,5,59,3,3,35,43,0.000401,0,0,0.0,0.00036500000000000004,0.0,4.199999999999999e-05,0.49999999991666666,76.0,0
2282,5,60,3,3,20,42,0.000354,1,0,0.3333333333333333,0.0003713333333333333,1.0,-4.7000000000000004e-05,0.49999999991666666,75.0,0
2342,5,62,4,2,16,42,0.000365,0,0,0.3333333333333333,0.0003733333333333333,-1.0,1.0999999999999996e-05,0.33333333327777775,73.0,0
2402,5,63,3,1,4,41,0.000325,0,0,0.3333333333333333,0.00034799999999999995,0.0,-3.9999999999999996e-05,0.2499999999375,72.0,0
2462,5,64,4,2,12,38,0.000257,1,0,0.3333333333333333,0.0003156666666666666,1.0,-6.799999999999997e-05,0.33333333327777775,71.0,0
2523,5,65,3,3,20,41,0.000361,0,0,0.3333333333333333,0.00031433333333333335,-1.0,0.00010399999999999998,0.49999999991666666,70.0,0
2584,5,67,2,4,23,40,0.000348,0,0,0.3333333333333333,0.000322,0.0,-1.299999999999999e-05,0.6666666665555555,68.0,0
2643,5,69,2,4,29,39,0.000338,0,0,0.0,0.00034899999999999997,0.0,-1.0000000000000026e-05,0.6666666665555555,66.0,0
2704,5,71,4,2,26,41,0.000422,0,0,0.0,0.00036933333333333333,0.0,8.400000000000004e-05,0.33333333327777775,64.0,0
2764,5,72,3,3,27,38,0.000325,0,0,0.0,0.00036166666666666666,0.0,-9.700000000000003e-05,0.49999999991666666,63.0,0
2824,5,74,4,2,15,43,0.000523,0,0,0.0,0.0004233333333333333,0.0,0.00019800000000000004,0.33333333327777775,61.0,0
2885,5,76,5,1,13,41,0.000447,0,0,0.0,0.00043166666666666673,0.0,-7.6e-05,0.16666666663888888,59.0,0
2945,5,77,2,4,28,40,0.000439,0,0,0.0,0.0004696666666666667,0.0,-8.000000000000032e-06,0.6666666665555555,58.0,0
3005,5,78,1,5,35,39,0.000418,1,0,0.3333333333333333,0.0004346666666666667,1.0,-2.099999999999997e-05,0.8333333331944445,57.0,0
3066,5,79,1,5,53,42,0.000604,1,0,0.6666666666666666,0.000487,0.0,0.00018600000000000002,0.8333333331944445,56.0,0
3126,5,81,6,0,7,43,0.000585,0,0,0.6666666666666666,0.0005356666666666667,-1.0,-1.9000000000000028e-05,0.0,54.0,0
3186,5,83,3,3,20,43,0.000639,0,0,0.3333333333333333,0.0006093333333333334,0.0,5.400000000000001e-05,0.49999999991666666,52.0,0
3246,5,85,4,2,11,42,0.000584,0,0,0.0,0.0006026666666666667,0.0,-5.5000000000000036e-05,0.33333333327777775,50.0,0
3307,5,88,3,0,3,38,0.000409,0,0,0.0,0.000544,0.0,-0.00017499999999999997,0.0,47.0,0
3367,5,89,1,5,23,41,0.000599,0,0,0.0,0.0005306666666666667,0.0,0.00019,0.8333333331944445,46.0,0
3427,5,91,6,0,9,39,0.000487,0,0,0.0,0.0004983333333333334,0.0,-0.00011200000000000001,0.0,44.0,0
3488,5,92,1,0,1,38,0.000437,0,0,0.0,0.0005076666666666667,0.0,-5.000000000000002e-05,0.0,43.0,0
3548,5,94,5,1,8,41,0.00062,0,0,0.0,0.0005146666666666666,0.0,0.000183,0.16666666663888888,41.0,0
3608,5,95,2,4,33,39,0.000573,0,0,0.0,0.0005433333333333333,0.0,-4.699999999999995e-05,0.6666666665555555,40.0,0
3668,5,97,3,3,15,41,0.000672,0,0,0.0,0.0006216666666666667,0.0,9.899999999999991e-05,0.49999999991666666,38.0,0
3728,5,98,4,2,15,42,0.000752,1,0,0.3333333333333333,0.0006656666666666667,1.0,7.999999999999999e-05,0.33333333327777775,37.0,0
3787,5,100,3,3,11,43,0.000843,0,0,0.3333333333333333,0.0007556666666666666,-1.0,9.100000000000004e-05,0.49999999991666666,35.0,0
3848,5,102,2,0,2,40,0.000633,0,0,0.3333333333333333,0.0007426666666666666,0.0,-0.00021,0.0,33.0,0
3908,5,103,2,4,22,38,0.000574,0,0,0.0,0.0006833333333333332,0.0,-5.9000000000000025e-05,0.6666666665555555,32.0,0
3969,5,106,4,2,8,43,0.000922,0,0,0.0,0.0007096666666666666,0.0,0.000348,0.33333333327777775,29.0,0
4029,5,107,0,6,38,39,0.000715,0,0,0.0,0.0007369999999999999,0.0,-0.00020699999999999994,0.9999999998333333,28.0,0
4088,5,109,4,2,11,42,0.00089,0,0,0.0,0.0008423333333333334,0.0,0.00017499999999999992,0.33333333327777775,26.0,0
4148,5,111,3,1,4,42,0.000894,1,0,0.3333333333333333,0.000833,1.0,4.000000000000097e-06,0.2499999999375,24.0,0
4209,5,112,4,2,23,41,0.000888,0,0,0.3333333333333333,0.0008906666666666667,-1.0,-6.000000000000037e-06,0.33333333327777775,23.0,0
4269,5,114,2,4,28,38,0.000701,0,0,0.3333333333333333,0.0008276666666666667,0.0,-0.000187,0.6666666665555555,21.0,0
4329,5,116,4,2,9,41,0.000896,1,0,0.3333333333333333,0.0008283333333333334,1.0,0.00019499999999999997,0.33333333327777775,19.0,0
4390,5,118,6,0,8,38,0.000692,0,0,0.3333333333333333,0.0007630000000000001,-1.0,-0.00020399999999999997,0.0,17.0,0
4450,5,120,4,2,15,38,0.000732,0,0,0.3333333333333333,0.0007733333333333333,0.0,3.9999999999999996e-05,0.33333333327777775,15.0,0
4510,5,121,4,2,9,39,0.000799,1,0,0.3333333333333333,0.000741,1.0,6.7e-05,0.33333333327777775,14.0,0
4570,5,123,1,5,23,41,0.00105,0,0,0.3333333333333333,0.0008603333333333333,-1.0,0.0002509999999999999,0.8333333331944445,12.0,0
4631,5,125,1,5,21,42,0.001181,0,0,0.3333333333333333,0.0010099999999999998,0.0,0.00013100000000000004,0.8333333331944445,10.0,0
4691,5,128,5,0,5,38,0.000792,0,0,0.0,0.0010076666666666665,0.0,-0.000389,0.0,7.0,0
4751,5,130,4,0,4,39,0.000893,0,0,0.0,0.0009553333333333333,0.0,0.00010100000000000007,0.0,5.0,0
4812,5,131,2,4,25,43,0.001436,0,0,0.0,0.0010403333333333332,0.0,0.000543,0.6666666665555555,4.0,0
4872,5,133,5,1,17,39,0.000979,0,0,0.0,0.0011026666666666665,0.0,-0.00045699999999999994,0.16666666663888888,2.0,0
4932,5,135,5,1,11,40,0.001082,2,1,0.6666666666666666,0.0011656666666666666,2.0,0.00010300000000000001,0.16666666663888888,0.0,0
4992,5,137,4,2,9,41,0.001214,1,0,1.0,0.0010916666666666668,-1.0,0.00013199999999999996,0.33333333327777775,,1
5053,5,139,5,1,8,39,0.001026,0,0,1.0,0.0011073333333333334,-1.0,-0.00018800000000000002,0.16666666663888888,,1
5113,5,141,2,4,19,39,0.0011,1,0,0.6666666666666666,0.0011133333333333331,1.0,7.400000000000006e-05,0.6666666665555555,,1
5173,5,142,2,4,34,39,0.001177,2,1,1.0,0.001101,1.0,7.700000000000003e-05,0.6666666665555555,,1
5233,5,143,1,5,57,42,0.00172,0,0,1.0,0.0013323333333333332,-2.0,0.0005429999999999999,0.8333333331944445,,1
5293,5,145,4,2,14,43,0.001665,0,0,0.6666666666666666,0.0015206666666666667,0.0,-5.499999999999993e-05,0.33333333327777775,,1
5353,5,147,5,1,10,38,0.001044,0,0,0.0,0.0014763333333333332,0.0,-0.000621,0.16666666663888888,,1
5413,5,149,5,0,5,39,0.001156,0,0,0.0,0.0012883333333333332,0.0,0.0001119999999999999,0.0,,1
5473,5,150,0,6,34,42,0.001737,1,0,0.3333333333333333,0.001312333333333333,1.0,0.0005810000000000001,0.9999999998333333,,1
5533,5,152,5,1,10,41,0.001481,0,0,0.3333333333333333,0.0014579999999999999,-1.0,-0.00025600000000000015,0.16666666663888888,,1
5593,5,153,5,0,5,38,0.001105,0,0,0.3333333333333333,0.0014409999999999998,0.0,-0.0003759999999999998,0.0,,1
5654,5,155,5,1,8,40,0.001387,0,0,0.0,0.0013243333333333334,0.0,0.0002819999999999999,0.16666666663888888,,1
5714,5,156,3,3,28,42,0.001832,0,0,0.0,0.0014413333333333333,0.0,0.0004450000000000001,0.49999999991666666,,1
5774,5,158,3,3,11,38,0.001203,1,0,0.3333333333333333,0.0014739999999999998,1.0,-0.000629,0.49999999991666666,,1
5835,5,159,1,5,32,39,0.001448,1,0,0.6666666666666666,0.0014943333333333334,0.0,0.000245,0.8333333331944445,,1
5896,5,161,2,4,31,41,0.001788,0,0,0.6666666666666666,0.0014796666666666667,-1.0,0.00034,0.6666666665555555,,1
5957,5,162,2,4,39,42,0.002049,0,0,0.3333333333333333,0.0017616666666666666,0.0,0.00026099999999999995,0.6666666665555555,,1
6016,5,164,3,3,28,40,0.001666,0,0,0.0,0.001834333333333333,0.0,-0.0003830000000000001,0.49999999991666666,,1
6076,5,165,1,5,40,41,0.001936,1,0,0.3333333333333333,0.0018836666666666665,1.0,0.00027000000000000006,0.8333333331944445,,1
6137,5,167,1,5,39,39,0.001632,0,0,0.3333333333333333,0.0017446666666666663,-1.0,-0.000304,0.8333333331944445,,1
6198,5,170,5,1,7,39,0.0015,0,0,0.3333333333333333,0.0016893333333333333,0.0,-0.00013199999999999996,0.16666666663888888,,1
6258,5,172,2,4,19,39,0.001607,0,0,0.0,0.0015796666666666665,0.0,0.00010699999999999989,0.6666666665555555,,1
6319,5,174,6,0,9,41,0.001914,2,1,0.6666666666666666,0.0016736666666666664,2.0,0.000307,0.0,,1
6380,5,176,1,0,1,41,0.001897,1,0,1.0,0.0018059999999999997,-1.0,-1.699999999999987e-05,0.0,,1
6439,5,177,1,5,29,39,0.001764,1,0,1.3333333333333333,0.0018583333333333331,0.0,-0.0001330000000000001,0.8333333331944445,,1
6498,5,178,3,3,51,43,0.002821,0,0,0.6666666666666666,0.0021606666666666666,-1.0,0.0010570000000000002,0.49999999991666666,,1
6558,5,180,3,3,23,43,0.00261,1,0,0.6666666666666666,0.0023983333333333335,1.0,-0.00021100000000000025,0.49999999991666666,,1
6618,5,182,5,0,5,43,0.00249,0,0,0.3333333333333333,0.002640333333333333,-1.0,-0.00011999999999999988,0.0,,1
6679,5,184,2,0,2,38,0.001561,0,0,0.3333333333333333,0.0022203333333333333,0.0,-0.0009289999999999999,0.0,,1
6738,5,185,4,2,11,42,0.002393,0,0,0.0,0.002148,0.0,0.0008320000000000001,0.33333333327777775,,1
6798,5,187,4,2,14,43,0.00272,1,0,0.3333333333333333,0.002224666666666667,1.0,0.00032700000000000003,0.33333333327777775,,1
6858,5,189,4,1,5,38,0.001666,0,0,0.3333333333333333,0.0022596666666666668,-1.0,-0.0010540000000000002,0.19999999996,,1
6918,5,190,2,4,27,43,0.002947,1,0,0.6666666666666666,0.0024443333333333335,1.0,0.001281,0.6666666665555555,,1
6978,5,192,5,1,11,42,0.002576,2,1,1.0,0.002396333333333333,1.0,-0.0003709999999999998,0.16666666663888888,,1
7039,5,193,2,4,31,41,0.00255,1,0,1.3333333333333333,0.0026910000000000002,-1.0,-2.599999999999998e-05,0.6666666665555555,,1
7099,5,194,0,6,44,38,0.002027,1,0,1.3333333333333333,0.0023843333333333334,0.0,-0.000523,0.9999999998333333,,1
7159,5,197,1,0,1,41,0.00237,0,0,0.6666666666666666,0.002315666666666667,-1.0,0.000343,0.0,,1
7218,5,198,0,6,35,40,0.002474,1,0,0.6666666666666666,0.0022903333333333335,1.0,0.00010399999999999993,0.9999999998333333,,1
