tick,block_id,erase_count,valid_pages,invalid_pages,retention_ticks,temp_c,rber,error_bits,uncorrectable
54,0,1,2,4,22,38,0.000029,0,0
54,1,1,5,1,16,43,0.000045,0,0
54,2,1,4,1,10,43,0.000044,0,0
54,3,1,0,0,3,41,0.000035,0,0
54,4,0,1,5,54,40,0.000037,0,0
54,5,0,3,3,54,40,0.000037,0,0
114,0,3,5,1,16,42,0.000046,0,0
114,1,3,1,0,4,39,0.000033,0,0
114,2,2,2,4,34,39,0.000035,0,0
114,3,2,2,4,28,42,0.000045,0,0
114,4,2,2,4,22,38,0.000030,0,0
114,5,2,3,3,10,42,0.000042,0,0
175,0,5,1,0,7,39,0.000037,0,0
175,1,4,2,4,44,41,0.000049,0,0
175,2,4,4,2,32,41,0.000047,0,0
175,3,4,4,2,19,38,0.000034,0,0
175,4,4,1,0,1,41,0.000042,0,0
175,5,4,3,3,13,40,0.000040,0,0
235,0,7,0,0,3,42,0.000054,0,0
235,1,6,2,4,19,43,0.000060,1,0
235,2,6,6,0,14,41,0.000049,0,0
235,3,6,4,1,9,39,0.000040,0,0
235,4,5,1,5,25,40,0.000044,1,0
235,5,5,2,4,48,39,0.000043,0,0
295,0,8,2,4,13,40,0.000049,0,0
295,1,8,1,0,1,40,0.000047,0,0
295,2,8,3,0,7,43,0.000064,0,0
295,3,7,3,3,25,42,0.000059,0,0
295,4,7,2,4,31,42,0.000060,0,0
295,5,7,4,2,19,40,0.000048,0,0
355,0,10,6,0,8,41,0.000058,0,0
355,1,10,0,0,3,39,0.000047,0,0
355,2,9,2,4,38,40,0.000056,0,0
355,3,9,2,4,32,39,0.000050,0,0
355,4,9,3,3,26,43,0.000072,0,0
355,5,8,2,4,14,42,0.000059,0,0
415,0,11,2,4,28,38,0.000049,0,0
415,1,11,1,5,40,39,0.000057,0,0
415,2,11,5,1,11,39,0.000051,0,0
415,3,11,4,1,5,40,0.000055,0,0
415,4,11,1,1,23,40,0.000059,0,0
415,5,10,2,4,17,38,0.000045,0,0
475,0,13,4,2,17,41,0.000069,0,0
475,1,13,2,4,23,40,0.000064,0,0
475,2,13,4,2,10,42,0.000074,0,0
475,3,13,1,0,5,41,0.000066,0,0
475,4,12,1,5,35,39,0.000058,0,0
475,5,11,3,3,29,38,0.000050,0,0
535,0,15,5,1,17,41,0.000076,0,0
535,1,15,1,0,5,39,0.000060,0,0
535,2,14,2,4,36,41,0.000078,0,0
535,3,14,1,5,30,41,0.000076,0,0
535,4,14,3,3,24,38,0.000056,0,0
535,5,13,3,3,11,38,0.000051,0,0
595,0,17,1,0,8,40,0.000072,0,0
595,1,16,2,4,27,40,0.000075,0,0
595,2,16,1,0,1,40,0.000068,0,0
595,3,16,5,1,21,43,0.000097,0,0
595,4,15,2,4,41,39,0.000068,0,0
595,5,15,4,2,15,42,0.000083,0,0
654,0,18,4,2,23,39,0.000073,1,0
654,1,18,4,2,10,42,0.000092,0,0
654,2,18,1,0,4,38,0.000061,0,0
654,3,17,2,4,41,41,0.000090,0,0
654,4,17,3,3,29,38,0.000065,0,0
654,5,16,1,5,17,39,0.000065,0,0
714,0,20,4,2,11,40,0.000083,0,0
714,1,20,1,0,5,42,0.000098,0,0
714,2,19,2,4,30,40,0.000085,0,0
714,3,19,4,2,16,42,0.000098,0,0
714,4,18,2,4,42,42,0.000104,0,0
714,5,18,2,4,23,38,0.000066,0,0
774,0,22,2,1,22,40,0.000093,0,0
774,1,21,4,2,34,38,0.000078,0,0
774,2,21,4,0,4,42,0.000102,0,0
774,3,21,3,3,11,40,0.000086,0,0
774,4,20,1,5,17,41,0.000093,0,0
774,5,19,1,5,28,43,0.000113,0,0
835,0,23,3,3,36,40,0.000102,0,0
835,1,23,2,0,2,42,0.000109,0,0
835,2,23,4,2,12,39,0.000085,0,0
835,3,22,3,3,42,39,0.000091,0,0
835,4,23,2,0,7,40,0.000092,0,0
835,5,21,1,5,25,42,0.000110,0,0
895,0,25,5,1,14,43,0.000135,0,0
895,1,24,2,4,37,40,0.000107,0,0
895,2,25,2,0,8,39,0.000090,0,0
895,3,23,2,4,32,40,0.000101,0,0
895,4,24,3,3,26,43,0.000136,0,0
895,5,24,1,0,1,38,0.000077,0,0
955,0,27,4,0,6,38,0.000088,0,0
955,1,27,0,0,1,39,0.000094,0,0
955,2,26,2,4,25,42,0.000133,0,0
955,3,24,2,4,38,43,0.000142,0,0
955,4,26,4,2,19,43,0.000143,0,0
955,5,25,3,3,12,40,0.000101,0,0
1015,0,29,0,0,3,40,0.000112,0,0
1015,1,28,2,4,38,38,0.000102,0,0
1015,2,28,5,1,14,43,0.000151,0,0
1015,3,26,2,4,21,38,0.000089,0,0
1015,4,28,4,1,9,40,0.000111,0,0
1015,5,26,2,4,28,41,0.000122,0,0
1075,0,30,4,2,21,43,0.000166,0,0
1075,1,30,4,2,9,38,0.000098,0,0
1075,2,30,2,0,15,40,0.000122,0,0
1075,3,29,2,1,3,39,0.000102,0,0
1075,4,29,2,4,45,42,0.000159,0,0
1075,5,27,1,5,33,42,0.000142,0,0
1135,0,32,5,1,16,41,0.000144,0,0
1135,1,32,0,0,4,40,0.000125,0,0
1135,2,31,3,3,10,40,0.000124,0,0
1135,3,30,2,4,22,39,0.000114,0,0
1135,4,31,2,4,34,38,0.000112,0,0
1135,5,29,3,3,28,40,0.000124,0,0
1195,0,33,2,4,23,43,0.000185,0,0
1195,1,34,1,0,5,43,0.000178,0,0
1195,2,33,2,4,29,40,0.000142,0,0
1195,3,32,5,1,11,38,0.000106,0,0
1195,4,33,4,2,17,41,0.000149,0,0
1195,5,30,1,5,41,38,0.000111,0,0
1255,0,35,4,2,18,39,0.000132,0,0
1255,1,35,4,2,30,38,0.000126,1,0
1255,2,35,1,0,5,40,0.000138,0,0
1255,3,34,4,2,11,38,0.000113,0,0
1255,4,34,1,5,24,41,0.000158,0,0
1255,5,32,1,5,36,38,0.000116,0,0
1316,0,37,3,0,7,41,0.000163,0,0
1316,1,36,3,3,19,42,0.000182,0,0
1316,2,37,0,0,1,40,0.000145,0,0
1316,3,36,5,1,13,43,0.000196,0,0
1316,4,36,3,3,25,38,0.000127,0,0
1316,5,34,1,5,31,39,0.000134,0,0
1376,0,39,0,0,2,41,0.000170,0,0
1376,1,38,4,2,19,41,0.000176,0,0
1376,2,38,5,1,14,43,0.000209,0,0
1376,3,38,3,1,8,42,0.000186,0,0
1376,4,37,1,5,32,38,0.000135,0,0
1376,5,36,2,4,26,40,0.000155,0,0
1436,0,40,3,3,21,40,0.000172,0,0
1436,1,40,4,2,27,39,0.000160,0,0
1436,2,40,3,1,15,42,0.000203,0,0
1436,3,39,2,4,39,43,0.000237,0,0
1436,4,40,0,0,3,40,0.000160,0,0
1436,5,37,3,3,9,42,0.000181,0,0
1496,0,42,2,4,21,41,0.000200,0,0
1496,1,42,3,0,3,39,0.000155,0,0
1496,2,42,1,1,9,43,0.000232,0,0
1496,3,41,2,4,28,38,0.000150,0,0
1496,4,41,4,2,15,42,0.000209,0,0
1496,5,38,3,3,45,43,0.000235,0,0
1556,0,44,3,3,24,39,0.000177,0,0
1556,1,43,2,4,35,43,0.000263,0,0
1556,2,44,1,0,11,38,0.000154,0,0
1556,3,42,0,6,47,40,0.000200,0,0
1556,4,43,5,0,5,39,0.000160,0,0
1556,5,40,4,2,18,43,0.000226,0,0
1617,0,46,4,2,18,38,0.000167,0,0
1617,1,46,4,1,7,39,0.000176,0,0
1617,2,46,0,0,2,40,0.000190,0,0
1617,3,44,4,2,12,41,0.000205,1,0
1617,4,44,2,4,30,41,0.000220,0,0
1617,5,41,1,5,36,38,0.000154,0,0
1677,0,48,2,0,22,40,0.000217,0,0
1677,1,47,2,4,34,40,0.000220,0,0
1677,2,47,4,2,9,39,0.000182,0,0
1677,3,46,2,4,16,40,0.000200,0,0
1677,4,46,3,0,3,38,0.000158,0,0
1677,5,43,2,4,28,41,0.000212,0,0
1737,0,49,3,3,20,38,0.000183,0,0
1737,1,49,3,1,14,38,0.000179,1,0
1737,2,48,1,5,38,39,0.000209,1,0
1737,3,49,0,0,2,43,0.000274,0,0
1737,4,47,5,1,8,39,0.000182,0,0
1737,5,45,3,3,26,41,0.000223,0,0
1797,0,51,2,0,8,43,0.000296,0,0
1797,1,50,3,3,39,40,0.000243,0,0
1797,2,50,1,5,26,39,0.000211,0,0
1797,3,50,4,2,14,38,0.000183,0,0
1797,4,49,2,0,2,43,0.000274,0,0
1797,5,47,3,3,20,41,0.000230,0,0
1857,0,53,0,2,12,41,0.000262,0,0
1857,1,52,5,1,7,43,0.000303,0,0
1857,2,52,4,2,18,38,0.000196,0,0
1857,3,51,2,4,37,42,0.000300,0,0
1857,4,50,3,3,24,40,0.000230,0,0
1857,5,49,1,0,1,39,0.000187,0,0
1917,0,54,4,2,11,43,0.000324,0,0
1917,1,54,2,1,6,40,0.000239,0,0
1917,2,53,3,3,49,42,0.000330,0,0
1917,3,53,3,3,17,43,0.000323,0,0
1917,4,53,1,0,1,38,0.000189,0,0
1917,5,50,2,4,30,43,0.000313,0,0
1977,0,56,4,2,24,40,0.000269,0,0
1977,1,56,1,1,12,41,0.000283,0,0
1977,2,55,4,1,5,38,0.000202,0,0
1977,3,54,0,6,36,42,0.000323,0,0
1977,4,54,1,5,30,40,0.000261,0,0
1977,5,52,5,1,18,43,0.000316,0,0
2037,0,58,0,2,17,42,0.000333,0,0
2037,1,57,2,4,33,38,0.000236,0,0
2037,2,56,2,4,28,43,0.000363,0,0
2037,3,56,5,1,11,39,0.000233,0,0
2037,4,56,3,3,23,43,0.000357,0,0
2037,5,54,3,2,5,42,0.000288,0,0
2098,0,59,3,3,43,39,0.000282,0,0
2098,1,59,5,1,12,40,0.000277,0,0
2098,2,59,2,0,7,40,0.000271,0,0
2098,3,57,3,3,24,41,0.000303,0,0
2098,4,58,1,5,18,38,0.000228,0,0
2098,5,56,1,0,1,41,0.000271,0,0
2158,0,60,3,3,37,39,0.000283,0,0
2158,1,61,0,0,2,41,0.000307,1,0
2158,2,60,2,4,32,43,0.000407,0,0
2158,3,59,4,2,19,42,0.000344,0,0
2158,4,60,3,1,13,43,0.000379,0,0
2158,5,58,3,3,8,40,0.000266,0,0
2218,0,62,3,3,14,42,0.000363,0,0
2218,1,62,4,2,26,42,0.000379,0,0
2218,2,62,1,1,9,39,0.000267,0,0
2218,3,61,2,4,20,43,0.000398,0,0
2218,4,61,2,4,32,40,0.000313,0,0
2218,5,60,3,0,3,38,0.000226,1,0
2279,0,64,2,4,31,41,0.000368,0,0
2279,1,64,4,0,21,42,0.000390,0,0
2279,2,64,0,0,2,38,0.000248,0,0
2279,3,62,1,5,58,40,0.000351,0,0
2279,4,63,4,2,15,39,0.000280,0,0
2279,5,62,4,2,8,43,0.000390,0,0
2339,0,66,3,3,15,38,0.000273,1,0
2339,1,66,1,0,10,42,0.000392,0,0
2339,2,65,3,3,38,38,0.000290,1,0
2339,3,64,2,4,27,41,0.000363,1,0
2339,4,65,3,0,3,41,0.000339,0,0
2339,5,63,3,3,21,40,0.000315,0,0
2398,0,67,2,4,30,40,0.000357,0,0
2398,1,67,4,1,18,40,0.000341,0,0
2398,2,67,0,0,4,39,0.000294,0,0
2398,3,66,5,1,11,39,0.000295,0,0
2398,4,66,1,5,36,41,0.000392,0,0
2398,5,65,3,3,24,41,0.000367,0,0
2458,0,69,4,2,10,38,0.000286,0,0
2458,1,69,0,0,4,38,0.000279,0,0
2458,2,68,1,5,39,40,0.000377,0,0
2458,3,67,2,4,22,40,0.000346,0,0
2458,4,68,5,1,16,42,0.000419,0,0
2458,5,67,3,3,28,42,0.000429,0,0
2519,0,71,1,1,7,38,0.000295,0,0
2519,1,70,3,3,23,38,0.000307,0,0
2519,2,70,5,1,17,40,0.000363,0,0
2519,3,70,4,2,12,39,0.000324,1,0
2519,4,70,1,0,1,39,0.000310,1,0
2519,5,68,1,5,30,40,0.000365,0,0
2579,0,72,4,2,26,39,0.000357,1,0
2579,1,72,6,0,8,39,0.000333,0,0
2579,2,72,1,2,14,38,0.000310,0,0
2579,3,72,0,0,2,39,0.000325,1,0
2579,4,71,2,4,32,41,0.000432,0,0
2579,5,70,2,4,20,38,0.000304,0,0
2639,0,74,1,0,1,38,0.000307,0,0
2639,1,74,2,1,12,43,0.000517,0,0
2639,2,73,2,4,30,41,0.000447,0,0
2639,3,73,1,5,24,41,0.000438,0,0
2639,4,73,6,0,7,39,0.000339,0,0
2639,5,72,3,3,18,40,0.000381,0,0
2699,0,76,0,0,3,40,0.000391,0,0
2699,1,75,3,3,27,39,0.000381,0,0
2699,2,75,2,4,21,43,0.000546,0,0
2699,3,74,2,4,50,38,0.000368,1,0
2699,4,75,5,1,15,41,0.000441,0,0
2699,5,74,3,3,9,40,0.000384,0,0
2759,0,77,3,3,27,39,0.000398,0,0
2759,1,77,5,1,20,43,0.000567,0,0
2759,2,77,1,0,7,40,0.000405,0,0
2759,3,76,1,0,1,39,0.000353,0,0
2759,4,76,2,4,33,38,0.000362,0,0
2759,5,76,3,3,14,39,0.000371,0,0
2819,0,79,1,1,20,40,0.000444,0,0
2819,1,79,0,0,1,39,0.000375,0,0
2819,2,78,1,5,25,40,0.000443,0,0
2819,3,78,6,0,7,41,0.000455,0,0
2819,4,78,4,2,14,42,0.000514,1,0
2819,5,77,3,3,31,43,0.000591,1,0
2878,0,81,0,0,4,40,0.000434,0,0
2878,1,80,3,3,29,41,0.000515,1,0
2878,2,80,4,2,18,41,0.000494,0,0
2878,3,79,1,5,41,42,0.000579,1,0
2878,4,79,3,3,24,38,0.000372,0,0
2878,5,79,4,2,11,38,0.000354,0,0
2938,0,83,0,0,3,38,0.000372,0,0
2938,1,82,5,1,8,38,0.000372,0,0
2938,2,82,4,2,15,42,0.000559,0,0
2938,3,81,2,4,35,38,0.000403,1,0
2938,4,80,2,4,41,43,0.000650,0,0
2938,5,80,2,4,29,40,0.000468,0,0
2998,0,84,4,2,10,39,0.000429,0,0
2998,1,84,4,2,22,41,0.000543,0,0
2998,2,84,1,0,4,40,0.000461,0,0
2998,3,83,2,4,27,41,0.000542,0,0
2998,4,82,3,3,16,41,0.000510,0,0
2998,5,81,1,5,47,40,0.000509,0,0
3058,0,86,1,1,25,42,0.000627,0,0
3058,1,85,3,3,31,39,0.000473,0,0
3058,2,85,1,5,42,43,0.000720,0,0
3058,3,85,2,4,18,38,0.000410,0,0
3058,4,84,4,2,11,38,0.000391,0,0
3058,5,83,4,1,5,39,0.000412,0,0
3119,0,88,0,0,1,43,0.000654,0,0
3119,1,87,2,4,18,41,0.000566,0,0
3119,2,87,3,3,25,41,0.000581,0,0
3119,3,87,3,0,6,40,0.000492,0,0
3119,4,86,5,1,12,39,0.000449,0,0
3119,5,84,2,4,32,41,0.000563,1,0
3179,0,89,6,0,18,38,0.000442,0,0
3179,1,89,2,0,2,40,0.000502,0,0
3179,2,89,1,0,8,38,0.000425,0,0
3179,3,88,0,6,24,41,0.000590,1,0
3179,4,88,5,1,13,38,0.000425,0,0
3179,5,86,1,5,36,38,0.000446,0,0
3238,0,91,0,0,3,41,0.000576,0,0
3238,1,90,2,4,29,38,0.000469,0,0
3238,2,90,3,3,22,43,0.000736,0,0
3238,3,90,5,0,9,41,0.000579,0,0
3238,4,89,1,5,41,42,0.000703,0,0
3238,5,88,4,2,15,39,0.000472,0,0
3297,0,92,3,2,10,41,0.000603,1,0
3297,1,92,1,2,16,42,0.000678,1,0
3297,2,91,1,5,43,43,0.000808,0,0
3297,3,91,2,4,23,41,0.000622,0,0
3297,4,91,4,2,36,41,0.000652,0,0
3297,5,90,4,1,5,40,0.000518,0,0
3358,0,93,2,4,44,39,0.000575,0,0
3358,1,94,5,1,14,38,0.000477,1,0
3358,2,94,5,1,9,39,0.000514,0,0
3358,3,94,0,0,4,43,0.000738,0,0
3358,4,92,2,4,39,41,0.000671,0,0
3358,5,91,1,5,20,39,0.000508,0,0
3418,0,95,4,2,34,43,0.000842,0,0
3418,1,96,1,0,10,42,0.000712,0,0
3418,2,95,2,4,39,43,0.000857,0,0
3418,3,95,2,4,17,39,0.000540,1,0
3418,4,93,2,4,45,41,0.000698,0,0
3418,5,94,4,1,5,40,0.000557,0,0
3479,0,98,0,0,3,41,0.000652,0,0
3479,1,97,3,3,30,39,0.000587,0,0
3479,2,97,1,5,19,38,0.000512,0,0
3479,3,97,5,0,14,38,0.000503,0,0
3479,4,95,4,2,9,38,0.000476,0,0
3479,5,95,2,4,36,43,0.000848,1,0
3539,0,99,1,5,32,38,0.000556,0,0
3539,1,99,5,0,14,42,0.000762,0,0
3539,2,98,1,5,57,40,0.000722,0,0
3539,3,99,0,0,3,39,0.000549,0,0
3539,4,97,4,2,20,42,0.000753,1,0
3539,5,97,4,2,9,38,0.000493,0,0
3599,0,101,2,2,26,43,0.000907,1,0
3599,1,101,0,0,2,42,0.000753,1,0
3599,2,100,3,3,20,41,0.000721,2,1
3599,3,100,4,2,14,40,0.000641,0,0
3599,4,98,1,5,38,38,0.000559,1,0
3599,5,99,5,1,8,43,0.000819,1,0
3659,0,103,2,0,14,39,0.000613,0,0
3659,1,102,4,2,32,42,0.000858,0,0
3659,2,102,5,1,9,39,0.000591,0,0
3659,3,102,2,0,3,39,0.000577,0,0
3659,4,100,1,5,26,42,0.000811,1,0
3659,5,100,1,5,20,42,0.000793,0,0
3719,0,105,2,0,6,40,0.000676,0,0
3719,1,104,4,2,24,39,0.000647,0,0
3719,2,103,2,4,50,39,0.000698,0,0
3719,3,103,4,2,19,42,0.000831,0,0
3719,4,102,2,4,13,39,0.000600,0,0
3719,5,102,1,0,1,42,0.000762,0,0
3779,0,106,3,3,20,38,0.000599,0,0
3779,1,106,2,0,14,39,0.000644,0,0
3779,2,105,1,0,1,43,0.000882,1,0
3779,3,105,3,3,26,40,0.000729,0,0
3779,4,104,5,1,8,41,0.000737,0,0
3779,5,103,1,5,32,40,0.000721,0,0
3839,0,108,0,0,1,38,0.000575,0,0
3839,1,107,5,1,12,43,0.000951,0,0
3839,2,106,2,4,30,39,0.000684,0,0
3839,3,107,3,1,7,42,0.000848,1,0
3839,4,106,3,3,18,40,0.000719,1,0
3839,5,105,2,4,24,40,0.000724,0,0
3899,0,109,2,1,14,39,0.000676,0,0
3899,1,109,0,0,2,43,0.000945,0,0
3899,2,108,6,0,8,43,0.000952,1,0
3899,3,108,2,4,25,42,0.000923,0,0
3899,4,107,1,5,38,43,0.001047,1,0
3899,5,108,4,2,20,40,0.000749,0,0
3959,0,111,0,0,2,40,0.000733,0,0
3959,1,110,2,4,30,39,0.000730,0,0
3959,2,109,2,4,25,41,0.000853,0,0
3959,3,110,5,1,14,40,0.000756,0,0
3959,4,109,4,2,8,40,0.000727,0,0
3959,5,110,2,2,20,38,0.000639,1,0
4019,0,113,1,1,10,41,0.000859,1,0
4019,1,112,3,3,22,40,0.000804,0,0
4019,2,110,2,4,39,38,0.000685,0,0
4019,3,112,4,2,16,42,0.000952,0,0
4019,4,111,4,1,5,42,0.000898,0,0
4019,5,111,1,5,33,39,0.000749,0,0
4081,0,115,0,0,1,40,0.000778,1,0
4081,1,114,3,3,22,43,0.001105,1,0
4081,2,112,2,4,17,42,0.000955,0,0
4081,3,114,4,2,12,38,0.000661,0,0
4081,4,112,2,4,33,40,0.000838,0,0
4081,5,114,4,0,7,42,0.000948,1,0
4141,0,116,2,4,39,41,0.001002,1,0
4141,1,116,3,1,20,39,0.000773,0,0
4141,2,114,1,5,14,41,0.000886,0,0
4141,3,115,5,1,26,41,0.000941,0,0
4141,4,114,4,2,8,38,0.000650,0,0
4141,5,116,0,0,2,42,0.000959,0,0
4201,0,118,2,0,7,40,0.000834,0,0
4201,1,117,3,3,50,43,0.001279,0,0
4201,2,117,1,0,1,38,0.000663,1,0
4201,3,117,2,4,20,40,0.000863,0,0
4201,4,115,1,5,32,42,0.001058,0,0
4201,5,117,6,0,14,40,0.000844,0,0
4260,0,119,2,4,27,38,0.000754,0,0
4260,1,119,5,1,22,41,0.000986,1,0
4260,2,118,4,2,11,39,0.000770,1,0
4260,3,119,1,0,5,43,0.001118,0,0
4260,4,117,3,3,17,39,0.000776,0,0
4260,5,118,0,6,34,41,0.001015,0,0
4321,0,120,1,5,53,40,0.001016,0,0
4321,1,121,5,1,27,41,0.001035,0,0
4321,2,120,4,2,16,38,0.000735,0,0
4321,3,120,2,4,37,42,0.001163,3,1
4321,4,119,3,3,11,42,0.001040,1,0
4321,5,121,0,0,4,43,0.001147,0,0
4381,0,123,1,0,6,40,0.000895,0,0
4381,1,122,2,4,40,38,0.000827,0,0
4381,2,122,3,3,17,38,0.000760,0,0
4381,3,122,4,2,23,43,0.001252,0,0
4381,4,121,4,2,12,38,0.000735,0,0
4381,5,121,1,5,64,43,0.001424,0,0
4442,0,124,3,3,13,41,0.001026,0,0
4442,1,124,3,3,31,38,0.000825,0,0
4442,2,123,2,4,48,38,0.000863,0,0
4442,3,124,4,1,7,43,0.001213,0,0
4442,4,123,3,3,19,43,0.001252,0,0
4442,5,124,0,0,2,41,0.000983,1,0
4502,0,126,2,4,45,43,0.001437,0,0
4502,1,125,2,4,52,43,0.001451,1,0
4502,2,125,3,0,3,40,0.000911,0,0
4502,3,125,3,3,21,43,0.001299,0,0
4502,4,125,5,1,9,40,0.000932,1,0
4502,5,126,0,2,15,38,0.000800,0,0
4563,0,128,3,0,6,40,0.000962,0,0
4563,1,127,4,2,17,40,0.000990,0,0
4563,2,128,0,0,1,39,0.000858,0,0
4563,3,126,1,5,53,39,0.001009,0,0
4563,4,127,4,2,12,42,0.001175,0,0
4563,5,127,3,3,28,40,0.001031,0,0
4622,0,130,1,1,10,41,0.001106,0,0
4622,1,129,4,0,4,42,0.001172,0,0
4622,2,129,4,2,22,38,0.000857,0,0
4622,3,127,1,5,54,38,0.000934,0,0
4622,4,128,3,3,47,43,0.001489,0,0
4622,5,129,2,4,16,42,0.001227,1,0
4682,0,131,3,3,28,42,0.001320,0,0
4682,1,130,4,2,34,39,0.001000,0,0
4682,2,131,1,1,8,43,0.001347,0,0
4682,3,130,2,0,2,39,0.000886,0,0
4682,4,130,4,2,15,39,0.000932,1,0
4682,5,130,1,5,40,40,0.001123,0,0
4742,0,133,2,0,15,38,0.000883,0,0
4742,1,132,3,0,3,42,0.001217,1,0
4742,2,132,1,5,33,39,0.001024,1,0
4742,3,131,3,3,21,38,0.000879,0,0
4742,4,132,1,5,27,43,0.001467,1,0
4742,5,132,5,1,9,39,0.000936,0,0
4802,0,135,1,1,10,41,0.001186,0,0
4802,1,133,2,4,27,41,0.001230,0,0
4802,2,134,4,2,22,40,0.001113,0,0
4802,3,133,2,4,16,40,0.001073,0,0
4802,4,134,4,1,5,38,0.000862,0,0
4802,5,133,2,4,33,40,0.001143,0,0
4863,0,136,3,3,39,41,0.001338,0,0
4863,1,136,4,2,11,40,0.001097,0,0
4863,2,135,2,4,28,40,0.001153,0,0
4863,3,136,1,0,5,42,0.001297,0,0
4863,4,135,4,2,17,40,0.001107,0,0
4863,5,135,1,5,23,38,0.000936,0,0
4924,0,138,3,3,19,41,0.001278,0,0
4924,1,138,1,0,1,38,0.000896,1,0
4924,2,138,3,0,7,40,0.001110,1,0
4924,3,137,4,2,13,40,0.001121,0,0
4924,4,137,3,3,25,41,0.001289,0,0
4924,5,136,1,5,60,41,0.001438,0,0
4984,0,140,5,0,8,39,0.001040,2,1
4984,1,139,2,4,38,38,0.001043,0,0
4984,2,140,0,0,2,40,0.001118,0,0
4984,3,138,2,4,32,43,0.001622,0,0
4984,4,139,4,2,14,43,0.001538,0,0
4984,5,138,2,4,26,42,0.001443,1,0
5044,0,142,3,0,9,40,0.001180,0,0
5044,1,141,3,3,36,43,0.001713,0,0
5044,2,141,2,4,22,40,0.001223,1,0
5044,3,140,3,3,15,40,0.001176,1,0
5044,4,141,3,0,3,39,0.001034,0,0
5044,5,139,1,5,29,42,0.001479,3,1
5104,0,143,3,3,26,42,0.001542,2,1
5104,1,143,6,0,14,42,0.001474,1,0
5104,2,143,2,0,7,42,0.001435,1,0
5104,3,142,1,0,1,42,0.001383,1,0
5104,4,142,2,4,32,41,0.001414,1,0
5104,5,141,1,5,20,43,0.001616,0,0
5163,0,145,2,0,10,39,0.001120,1,0
5163,1,144,1,5,35,41,0.001468,0,0
5163,2,144,3,3,16,39,0.001131,0,0
5163,3,143,1,5,29,42,0.001559,1,0
5163,4,144,4,2,23,41,0.001405,0,0
5163,5,143,4,1,5,42,0.001424,1,0
5223,0,147,1,1,8,39,0.001140,0,0
5223,1,146,4,2,27,41,0.001463,0,0
5223,2,146,3,0,3,38,0.001003,1,0
5223,3,145,3,3,21,39,0.001168,0,0
5223,4,145,1,5,40,41,0.001514,1,0
5223,5,144,3,3,15,43,0.001649,1,0
5283,0,148,2,4,26,41,0.001496,0,0
5283,1,148,3,2,10,43,0.001704,0,0
5283,2,148,2,1,15,39,0.001186,1,0
5283,3,146,2,4,51,39,0.001317,0,0
5283,4,147,4,1,5,40,0.001239,0,0
5283,5,146,2,4,21,41,0.001431,0,0
5343,0,150,4,1,17,43,0.001795,1,0
5343,1,150,0,0,3,42,0.001546,0,0
5343,2,149,3,3,42,39,0.001326,0,0
5343,3,148,2,4,29,42,0.001664,1,0
5343,4,148,1,5,23,42,0.001627,0,0
5343,5,148,5,1,10,39,0.001164,1,0
5403,0,152,0,0,1,39,0.001182,0,0
5403,1,151,4,2,21,39,0.001260,1,0
5403,2,151,3,0,8,42,0.001596,1,0
5403,3,150,3,3,14,43,0.001775,1,0
5403,4,150,3,3,27,38,0.001157,0,0
5403,5,149,2,4,33,42,0.001709,1,0
5463,0,153,4,2,14,43,0.001843,1,0
5463,1,153,2,0,9,42,0.001643,0,0
5463,2,152,1,5,50,40,0.001558,2,1
5463,3,152,3,3,25,40,0.001425,0,0
5463,4,152,3,0,3,39,0.001191,0,0
5463,5,151,2,4,20,39,0.001256,0,0
5522,0,154,2,4,50,38,0.001320,2,1
5522,1,154,4,2,12,43,0.001851,1,0
5522,2,154,2,4,19,42,0.001729,0,0
5522,3,154,5,1,25,39,0.001328,1,0
5522,4,154,0,0,5,39,0.001231,0,0
5522,5,152,2,4,32,42,0.001769,2,1
5583,0,157,3,0,13,39,0.001317,0,0
5583,1,156,2,4,29,43,0.002022,0,0
5583,2,156,3,3,24,40,0.001492,1,0
5583,3,155,2,3,8,43,0.001846,0,0
5583,4,155,2,4,19,38,0.001195,0,0
5583,5,154,3,0,3,41,0.001477,0,0
5643,0,159,1,1,22,42,0.001858,0,0
5643,1,158,3,3,34,40,0.001585,2,1
5643,2,158,3,2,16,40,0.001483,0,0
5643,3,156,2,4,28,39,0.001376,0,0
5643,4,157,3,0,3,39,0.001267,0,0
5643,5,155,3,3,10,39,0.001270,0,0
5703,0,160,3,3,20,43,0.002053,0,0
5703,1,160,2,0,13,39,0.001366,0,0
5703,2,159,2,4,39,41,0.001797,0,0
5703,3,158,5,1,7,42,0.001734,0,0
5703,4,159,0,0,1,38,0.001171,0,0
5703,5,157,3,3,27,38,0.001262,0,0
5762,0,162,2,0,10,40,0.001521,1,0
5762,1,161,1,5,28,42,0.001946,1,0
5762,2,161,2,4,23,39,0.001435,0,0
5762,3,159,4,0,4,43,0.001908,0,0
5762,4,161,2,4,17,43,0.002055,0,0
5762,5,158,4,2,34,40,0.001585,0,0
5822,0,163,4,2,40,43,0.002289,0,0
5822,1,163,2,4,28,41,0.001812,0,0
5822,2,163,1,5,22,40,0.001611,2,1
5822,3,160,4,2,15,41,0.001665,0,0
5822,4,163,2,0,8,38,0.001262,0,0
5822,5,160,2,0,2,41,0.001583,0,0
5883,0,166,2,0,6,43,0.002089,0,0
5883,1,164,2,4,45,38,0.001463,0,0
5883,2,165,3,3,22,39,0.001499,0,0
5883,3,162,2,4,11,42,0.001847,0,0
5883,4,164,5,1,17,38,0.001322,1,0
5883,5,162,1,0,1,41,0.001615,0,0
5943,0,167,3,3,25,41,0.001878,0,0
5943,1,166,5,1,19,43,0.002196,0,0
5943,2,167,2,0,8,39,0.001455,0,0
5943,3,164,2,4,14,43,0.002105,1,0
5943,4,166,1,0,1,38,0.001272,0,0
5943,5,163,2,4,31,41,0.001832,0,0
6003,0,168,3,3,27,40,0.001740,0,0
6003,1,168,3,3,16,41,0.001837,0,0
6003,2,168,4,1,5,39,0.001455,2,1
6003,3,166,2,4,22,41,0.001835,0,0
6003,4,168,2,0,11,42,0.001982,1,0
6003,5,165,1,5,33,40,0.001717,1,0
6064,0,170,4,2,19,42,0.002091,0,0
6064,1,170,3,1,8,38,0.001369,0,0
6064,2,170,0,0,2,40,0.001618,0,0
6064,3,168,2,4,14,38,0.001369,1,0
6064,4,169,4,2,26,43,0.002334,1,0
6064,5,167,2,4,38,41,0.001968,0,0
6124,0,172,2,0,8,41,0.001864,0,0
6124,1,171,3,3,40,41,0.002075,3,1
6124,2,171,3,3,26,40,0.001794,1,0
6124,3,170,2,4,20,39,0.001577,0,0
6124,4,171,3,3,14,42,0.002075,1,0
6124,5,169,2,0,2,38,0.001322,0,0
6184,0,174,2,0,17,39,0.001631,1,0
6184,1,173,3,3,27,41,0.002026,0,0
6184,2,173,2,3,12,40,0.001741,1,0
6184,3,172,3,3,22,43,0.002379,0,0
6184,4,171,1,5,74,42,0.002559,1,0
6184,5,171,4,2,6,42,0.002012,0,0
6245,0,175,3,3,23,41,0.002041,0,0
6245,1,175,5,1,11,40,0.001773,0,0
6245,2,175,2,0,6,42,0.002104,2,1
6245,3,174,1,0,1,43,0.002244,1,0
6245,4,174,3,3,18,43,0.002397,0,0
6245,5,172,1,5,42,39,0.001747,0,0
6305,0,177,2,0,14,43,0.002441,1,0
6305,1,176,2,4,37,38,0.001632,0,0
6305,2,176,2,4,26,40,0.001898,0,0
6305,3,175,1,5,20,38,0.001517,0,0
6305,4,176,6,0,8,42,0.002145,1,0
6305,5,175,2,0,2,39,0.001556,0,0
6365,0,178,3,3,37,43,0.002687,2,1
6365,1,178,3,3,13,38,0.001527,0,0
6365,2,178,1,1,20,42,0.002296,0,0
6365,3,177,2,4,31,40,0.001954,0,0
6365,4,177,5,1,7,41,0.001964,0,0
6365,5,177,1,0,1,40,0.001743,0,0
6425,0,180,3,3,30,38,0.001663,1,0
6425,1,180,3,3,25,40,0.001976,1,0
6425,2,180,3,0,6,40,0.001838,1,0
6425,3,178,3,3,43,40,0.002062,0,0
6425,4,179,1,0,1,38,0.001473,1,0
6425,5,178,2,4,13,43,0.002459,0,0
6485,0,182,1,1,7,42,0.002282,0,0
6485,1,181,3,3,44,40,0.002138,0,0
6485,2,181,3,3,19,38,0.001614,1,0
6485,3,180,2,4,25,39,0.001796,1,0
6485,4,181,5,1,13,42,0.002310,0,0
6485,5,180,1,0,1,39,0.001638,0,0
6545,0,183,2,4,39,39,0.001952,0,0
6545,1,183,1,5,34,39,0.001917,0,0
6545,2,183,2,1,21,40,0.002011,0,0
6545,3,181,4,2,15,40,0.001924,0,0
6545,4,183,0,0,2,43,0.002487,1,0
6545,5,182,6,0,9,39,0.001728,0,0
6605,0,185,4,2,29,38,0.001749,0,0
6605,1,185,2,1,7,40,0.001947,0,0
6605,2,184,3,3,18,43,0.002675,1,0
6605,3,183,4,2,24,40,0.002033,0,0
6605,4,185,0,0,1,38,0.001572,0,0
6605,5,183,2,4,13,41,0.002146,1,0
6664,0,187,0,1,11,41,0.002222,1,0
6664,1,186,4,2,35,40,0.002185,0,0
6664,2,186,4,2,17,38,0.001690,0,0
6664,3,184,2,4,29,39,0.001903,1,0
6664,4,186,4,0,4,41,0.002140,0,0
6664,5,185,1,5,23,40,0.002070,1,0
6724,0,189,2,0,9,40,0.002047,0,0
6724,1,188,2,4,19,39,0.001914,0,0
6724,2,188,4,2,14,43,0.002749,0,0
6724,3,186,4,0,4,40,0.001945,1,0
6724,4,187,1,5,31,38,0.001799,0,0
6724,5,186,2,4,57,38,0.001949,1,0
6785,0,190,3,3,31,40,0.002247,1,0
6785,1,190,1,1,19,40,0.002149,0,0
6785,2,189,2,4,41,42,0.002788,0,0
6785,3,188,4,2,13,39,0.001870,0,0
6785,4,189,4,2,7,43,0.002704,0,0
6785,5,189,1,0,1,41,0.002182,0,0
6845,0,191,3,3,45,40,0.002386,0,0
6845,1,192,0,0,3,43,0.002746,1,0
6845,2,191,4,2,8,42,0.002520,1,0
6845,3,190,2,4,27,42,0.002679,2,1
6845,4,190,1,5,33,38,0.001870,0,0
6845,5,191,5,1,15,42,0.002589,0,0
6905,0,193,5,1,7,41,0.002329,2,1
6905,1,193,2,2,33,41,0.002568,1,0
6905,2,192,2,4,52,42,0.002988,3,1
6905,3,193,0,0,2,42,0.002512,0,0
6905,4,192,5,1,13,41,0.002360,0,0
6905,5,192,1,5,27,42,0.002736,1,0
6965,0,195,0,2,21,43,0.003035,0,0
6965,1,194,3,3,26,41,0.002529,2,1
6965,2,194,3,1,4,40,0.002114,0,0
6965,3,194,3,3,16,38,0.001831,0,0
6965,4,194,5,1,10,43,0.002881,2,1
6965,5,194,1,5,32,40,0.002350,0,0
7025,0,197,2,0,10,43,0.002971,0,0
7025,1,196,3,3,22,39,0.002102,2,1
7025,2,196,5,1,16,38,0.001868,0,0
7025,3,196,3,1,4,41,0.002374,1,0
7025,4,195,1,5,40,43,0.003252,0,0
7025,5,195,1,5,58,42,0.003145,1,0
7085,0,198,4,2,33,40,0.002457,1,0
7085,1,198,4,1,10,41,0.002480,1,0
7085,2,197,1,5,27,41,0.002617,0,0
7085,3,198,0,0,3,42,0.002654,0,0
7085,4,197,2,4,22,43,0.003109,2,1
7085,5,197,4,2,16,39,0.002076,1,0
7145,0,200,4,2,15,40,0.002345,1,0
7145,1,200,0,0,3,39,0.002035,1,0
7145,2,199,2,4,33,39,0.002256,1,0
7145,3,199,3,3,26,41,0.002661,4,1
7145,4,199,1,5,20,42,0.002863,0,0
7145,5,198,5,1,9,39,0.002042,2,1
7206,0,202,2,0,13,41,0.002611,2,1
7206,1,201,2,4,31,39,0.002285,0,0
7206,2,201,2,4,25,39,0.002235,0,0
7206,3,201,5,1,7,43,0.003056,0,0
7206,4,201,3,3,19,41,0.002645,0,0
7206,5,200,1,0,1,38,0.001835,1,0
